module;constant;value_expression;category;provenance;confidence;justification;source;line
Geometry.ts;BORE;0.086;Constructeur / public;Toyota ST205 : 86,0 mm;Haute;Alésage constructeur.;Toyota official ST205 specifications;4
Geometry.ts;STROKE;0.086;Constructeur / public;Toyota ST205 : 86,0 mm;Haute;Course constructeur.;Toyota official ST205 specifications;5
Geometry.ts;ROD_LENGTH;0.138;Estimation géométrique;Estimation de travail du projet;Moyenne;"Longueur de bielle non établie par une source primaire dans le projet ; valeur plausible utilisée pour la cinématique.";À sourcer si une donnée primaire devient disponible;6
Geometry.ts;CRANK_RADIUS;STROKE / 2;Dérivée;Calculée à partir d’autres paramètres;Haute si les entrées sont correctes;Cette constante est une conséquence algébrique d’autres valeurs du modèle.;Dérivation code;7
Geometry.ts;COMP_RATIO;8.5;Constructeur / public;Toyota ST205 : 8,5:1;Haute;Rapport volumétrique constructeur.;Toyota official ST205 specifications;8
Geometry.ts;SWEPT_VOLUME;(Math.PI * Math.pow(BORE, 2) * STROKE) / 4;Dérivée;Calculée à partir d’autres paramètres;Haute si les entrées sont correctes;Cette constante est une conséquence algébrique d’autres valeurs du modèle. Commentaire code : Cylindrée unitaire (Vd) : Volume balayé par un seul piston;Dérivation code;14
Geometry.ts;CLEARANCE_VOLUME;SWEPT_VOLUME / (COMP_RATIO - 1);Dérivée;Calculée à partir d’autres paramètres;Haute si les entrées sont correctes;Cette constante est une conséquence algébrique d’autres valeurs du modèle. Commentaire code : Volume mort (Vc) : Volume restant quand le piston est tout en haut (PMH);Dérivation code;17
Geometry.ts;PISTON_AREA;Math.PI*BORE*BORE/4;Dérivée;Calculée à partir d’autres paramètres;Haute si les entrées sont correctes;Cette constante est une conséquence algébrique d’autres valeurs du modèle.;Dérivation code;20
Geometry.ts;CYLINDER_OFFSETS;[ 0, 3 * Math.PI, Math.PI, 2 * Math.PI ];Architecture / dérivée;Ordre d’allumage 1-3-4-2 retenu par le modèle;Moyenne à haute;Déphasages dérivés de l’ordre d’allumage quatre temps. L’ordre est traité comme donnée publique du 3S-GTE, mais une source primaire dédiée reste à joindre au dépôt. Commentaire code : Déphasages physiques pour l'ordre d'allumage 1-3-4-2 (en radians sur un cycle de 4*PI) Centralisé ici : c'était dupliqué dans Engine.js (x2) et Thermodynamics.js — un seul endroit à changer si l'ordre d'allumage évolue un jour.;Donnée publique à consolider + dérivation projet;25
IntakeManifold.js;DEFAULT_UPSTREAM_PRESSURE;101325;Condition de référence;Atmosphère standard de secours : 101 325 Pa;Haute;"Repli avant initialisation du turbo ou lorsque le turbo est désactivé ; ce n’est pas une caractéristique moteur. Commentaire code : L'amont réel du papillon est désormais le volume de suralimentation géré par Turbocharger.js. Ces valeurs servent uniquement de repli avant son premier pas d'initialisation ou si le module turbo est volontairement désactivé.";Condition ambiante de simulation;38
IntakeManifold.js;DEFAULT_UPSTREAM_TEMPERATURE;293;Condition de référence;Ambiante de secours : 293 K (~20 °C);Haute;Repli thermique avant initialisation du turbo ou lorsque le turbo est désactivé.;Condition ambiante de simulation;39
IntakeManifold.js;INTAKE_MANIFOLD_VOLUME;0.0030;Estimation / calibration;Volume 0D équivalent choisi;Moyenne;"Volume équivalent plénum + conduits ; le commentaire du code le présente comme calibration initiale de 3 L. Commentaire code : Volume 0D équivalent du plénum et des conduits jusqu'aux soupapes. Valeur initiale de calibration : 3 litres.";Calibration projet;47
IntakeManifold.js;THROTTLE_DIAMETER;0.060;Estimation géométrique;Valeur de travail 60 mm;Moyenne;Diamètre équivalent du papillon, explicitement décrit comme valeur de travail. Commentaire code : Diamètre équivalent du corps de papillon.;Estimation projet;50
IntakeManifold.js;THROTTLE_MAX_AREA;Math.PI * Math.pow(THROTTLE_DIAMETER, 2) / 4;Dérivée;Calculée à partir d’autres paramètres;Haute si les entrées sont correctes;Cette constante est une conséquence algébrique d’autres valeurs du modèle.;Dérivation code;51
IntakeManifold.js;CLOSED_THROTTLE_LEAK_AREA;2e-6;Estimation géométrique;Géométrie équivalente 0D;Moyenne;Géométrie effective de travail, non revendiquée comme mesure constructeur. Commentaire code : Fuite minimale lorsque le papillon et l'actuateur de ralenti sont fermés. Elle représente les jeux mécaniques et empêche un volume parfaitement isolé.;Estimation projet;57
IntakeManifold.js;IDLE_CONTROL_MAX_AREA;34e-6;Estimation géométrique;Géométrie équivalente 0D;Moyenne;Géométrie effective de travail, non revendiquée comme mesure constructeur. Commentaire code : Aire maximale du circuit de dérivation piloté par le correcteur de ralenti. La commande state.idleAirControlCommand varie entre 0 et 1.;Estimation projet;61
IntakeManifold.js;THROTTLE_AREA_EXPONENT;1.70;Calibration admission;Loi commande → aire du papillon;Moyenne;"Exposant effectif choisi pour représenter l’ouverture non linéaire d’un papillon circulaire ; non spécifique Toyota. Commentaire code : Relation non linéaire commande → aire. Une commande de 10 % ne découvre pas 10 % de l'aire maximale d'un vrai papillon circulaire.";Calibration projet;65
IntakeManifold.js;THROTTLE_DISCHARGE_COEFFICIENT;0.72;Calibration;Coefficient de débit / réponse calibré;Moyenne;Paramètre effectif ajusté pour représenter les pertes et régimes d’écoulement sans géométrie 1D détaillée. Commentaire code : Pertes de contraction et de turbulence au corps de papillon.;Calibration projet;68
IntakeManifold.js;MANIFOLD_WALL_TEMPERATURE;315;Calibration;Coefficient de débit / réponse calibré;Moyenne;Paramètre effectif ajusté pour représenter les pertes et régimes d’écoulement sans géométrie 1D détaillée. Commentaire code : Température équivalente des parois du collecteur. Elle maintient progressivement l'air proche de la température du compartiment moteur sans imposer instantanément sa température.;Calibration projet;77
IntakeManifold.js;MANIFOLD_HEAT_TRANSFER_TAU;0.50;Calibration;Coefficient de débit / réponse calibré;Moyenne;Paramètre effectif ajusté pour représenter les pertes et régimes d’écoulement sans géométrie 1D détaillée. Commentaire code : Constante de temps du retour thermique vers la paroi. Une valeur élevée limite l'influence thermique et conserve des transitoires doux.;Calibration projet;81
IntakeManifold.js;MIN_MANIFOLD_PRESSURE;1000;Garde numérique;Borne de sûreté numérique;Haute (comme garde);"Évite états non physiques ou instabilités numériques ; ne doit pas être interprétée comme mesure réelle.";Choix numérique projet;87
IntakeManifold.js;MIN_CYLINDER_PRESSURE;1000;Garde numérique;Borne de sûreté numérique;Haute (comme garde);"Évite états non physiques ou instabilités numériques ; ne doit pas être interprétée comme mesure réelle.";Choix numérique projet;88
IntakeManifold.js;MIN_TEMPERATURE;150;Garde numérique;Borne de sûreté numérique;Haute (comme garde);"Évite états non physiques ou instabilités numériques ; ne doit pas être interprétée comme mesure réelle.";Choix numérique projet;89
IntakeManifold.js;MAX_TEMPERATURE;2000;Garde numérique;Borne de sûreté numérique;Haute (comme garde);"Évite états non physiques ou instabilités numériques ; ne doit pas être interprétée comme mesure réelle.";Choix numérique projet;90
IntakeManifold.js;MIN_GAS_MASS;1e-9;Garde numérique;Borne de sûreté numérique;Haute (comme garde);"Évite états non physiques ou instabilités numériques ; ne doit pas être interprétée comme mesure réelle.";Choix numérique projet;91
IntakeManifold.js;MAX_SOURCE_MASS_FRACTION_PER_STEP;0.25;Garde numérique;Borne de sûreté numérique;Haute (comme garde);"Évite états non physiques ou instabilités numériques ; ne doit pas être interprétée comme mesure réelle. Commentaire code : Fraction maximale de la masse d'un volume transférable en un seul pas. À dt = 0.1 ms, cette limite ne doit normalement jamais être atteinte ; elle protège uniquement le solveur d'un saut de pression ou d'un mauvais dt.";Choix numérique projet;96
ExhaustManifold.js;EXHAUST_SCROLL_BY_CYLINDER;[0, 1, 1, 0];Architecture;Groupement twin-entry 1+4 / 2+3;Moyenne à haute;Topologie physique retenue pour conserver les impulsions d’échappement. Commentaire code : Les cylindres sont indexés dans le code : 0=1, 1=2, 2=3, 3=4. Le collecteur twin-entry sépare les groupes 1+4 et 2+3. Cette séparation conserve les impulsions d'échappement pour la turbine twin-entry.;Architecture ST205 / projet;45
ExhaustManifold.js;EXHAUST_SCROLL_COUNT;2;Architecture;Architecture 16 soupapes / twin-entry;Haute à moyenne;Architecture du système, pas un ajustement de performance.;Architecture ST205 / projet;46
ExhaustManifold.js;EXHAUST_SCROLL_VOLUME;0.00075;Estimation / calibration;0,75 L par scroll, calibration de départ;Moyenne;Volume 0D équivalent de chaque branche twin-entry, non mesuré constructeur. Commentaire code : Volume 0D équivalent d'un demi-collecteur : conduits courts + entrée de la future volute turbine. La valeur de 0.75 L par scroll est une calibration de départ, pas une mesure constructeur certifiée.;Calibration projet;51
ExhaustManifold.js;ATMOSPHERIC_PRESSURE;101325;Condition de référence;Atmosphère de référence : 101 325 Pa;Haute;Pression aval/ambiante imposée pour la simulation, non spécifique Toyota.;Condition ambiante de simulation;57
ExhaustManifold.js;ATMOSPHERIC_TEMPERATURE;293;Condition de référence;Ambiante de référence : 293 K (~20 °C);Haute;Température ambiante de référence, non spécifique Toyota.;Condition ambiante de simulation;58
ExhaustManifold.js;TAILPIPE_REVERSE_LEAK_DIAMETER;0.0015;Estimation géométrique;Géométrie équivalente 0D;Moyenne;Géométrie effective de travail, non revendiquée comme mesure constructeur. Commentaire code : Une très petite fuite inverse reste autorisée pour égaliser lentement la pression lorsque le moteur est arrêté. Elle représente la diffusion et les échanges faibles à travers la ligne d'échappement, pas un reflux libre par toute la section de sortie. Son di…;Estimation projet;64
ExhaustManifold.js;TAILPIPE_REVERSE_LEAK_AREA;Math.PI * Math.pow(TAILPIPE_REVERSE_LEAK_DIAMETER, 2) / 4;Dérivée;Calculée à partir d’autres paramètres;Haute si les entrées sont correctes;Cette constante est une conséquence algébrique d’autres valeurs du modèle.;Dérivation code;65
ExhaustManifold.js;TAILPIPE_REVERSE_LEAK_DISCHARGE_COEFFICIENT;0.35;Calibration;Coefficient de débit / réponse calibré;Moyenne;Paramètre effectif ajusté pour représenter les pertes et régimes d’écoulement sans géométrie 1D détaillée.;Calibration projet;68
ExhaustManifold.js;EXHAUST_WALL_THERMAL_CAPACITY;1100;Estimation / calibration thermique;Capacité thermique équivalente d’un scroll;Faible à moyenne;"Paramètre lumped représentant métal du collecteur, bride et volute proche ; réglé pour une inertie thermique réaliste, sans mesure ST205 dédiée. Commentaire code : Capacité thermique équivalente du métal associé à UN scroll : conduits en fonte, bride et partie de volute proche. Cette constante produit une montée en température sur plusieurs secondes et un refroidissement sur plusieurs dizaines de secondes, au lieu d'i…";Estimation/calibration projet;78
ExhaustManifold.js;EXHAUST_GAS_WALL_BASE_CONDUCTANCE;4.0;Calibration;Coefficient de débit / réponse calibré;Moyenne;"Paramètre effectif ajusté pour représenter les pertes et régimes d’écoulement sans géométrie 1D détaillée. Commentaire code : Échange gaz → métal. Le terme de base représente la convection naturelle et les faibles mouvements de gaz ; le second terme augmente avec la racine du débit traversant le scroll, approximation robuste pour un modèle temps réel.";Calibration projet;83
ExhaustManifold.js;EXHAUST_GAS_WALL_FLOW_CONDUCTANCE;170;Calibration;Coefficient de débit / réponse calibré;Moyenne;Paramètre effectif ajusté pour représenter les pertes et régimes d’écoulement sans géométrie 1D détaillée.;Calibration projet;84
ExhaustManifold.js;EXHAUST_WALL_AMBIENT_CONDUCTANCE;6.0;Calibration;Coefficient de débit / réponse calibré;Moyenne;Paramètre effectif ajusté pour représenter les pertes et régimes d’écoulement sans géométrie 1D détaillée. Commentaire code : Refroidissement du métal vers le compartiment moteur. Cette valeur regroupe convection et rayonnement dans un coefficient linéarisé simple.;Calibration projet;88
ExhaustManifold.js;MIN_WALL_TEMPERATURE;ATMOSPHERIC_TEMPERATURE;Garde numérique;Borne de sûreté numérique;Haute (comme garde);"Évite états non physiques ou instabilités numériques ; ne doit pas être interprétée comme mesure réelle. Commentaire code : Limites physiques et numériques de la paroi.";Choix numérique projet;91
ExhaustManifold.js;MAX_WALL_TEMPERATURE;1350;Garde numérique;Borne de sûreté numérique;Haute (comme garde);"Évite états non physiques ou instabilités numériques ; ne doit pas être interprétée comme mesure réelle.";Choix numérique projet;92
ExhaustManifold.js;MAX_GAS_WALL_ENERGY_FRACTION_PER_STEP;0.08;Garde numérique;Borne de sûreté numérique;Haute (comme garde);"Évite états non physiques ou instabilités numériques ; ne doit pas être interprétée comme mesure réelle.";Choix numérique projet;93
ExhaustManifold.js;EGT_SENSOR_HIGH_FLOW_TIME_CONSTANT;0.35;Calibration;Coefficient de débit / réponse calibré;Moyenne;Paramètre effectif ajusté pour représenter les pertes et régimes d’écoulement sans géométrie 1D détaillée. Commentaire code : Modèle de sonde EGT. À fort débit, la sonde suit assez vite le gaz. À faible débit, elle est surtout influencée par le métal chaud et sa réponse devient beaucoup plus lente. Ces constantes concernent l'affichage/monitoring : elles ne modifient jamais l'éner…;Calibration projet;99
ExhaustManifold.js;EGT_SENSOR_LOW_FLOW_TIME_CONSTANT;2.50;Calibration;Coefficient de débit / réponse calibré;Moyenne;Paramètre effectif ajusté pour représenter les pertes et régimes d’écoulement sans géométrie 1D détaillée.;Calibration projet;100
ExhaustManifold.js;EGT_SENSOR_FLOW_REFERENCE;0.010;Instrumentation / calibration capteur;Débit de référence du modèle de sonde EGT;Moyenne;"Paramètre uniquement destiné à interpoler la constante de temps de la sonde virtuelle ; n’intervient pas dans l’énergie turbine.";Instrumentation projet;101
ExhaustManifold.js;TURBINE_POWER_MONITOR_TIME_CONSTANT;0.080;Calibration;Coefficient de débit / réponse calibré;Moyenne;"Paramètre effectif ajusté pour représenter les pertes et régimes d’écoulement sans géométrie 1D détaillée. Commentaire code : Filtre de monitoring de la puissance disponible. La dynamique d’arbre utilise toujours la valeur instantanée ; ce filtre sert uniquement aux courbes et aux nombres lisibles dans l'interface.";Calibration projet;106
ExhaustManifold.js;MIN_PRESSURE;1000;Garde numérique;Borne de sûreté numérique;Haute (comme garde);"Évite états non physiques ou instabilités numériques ; ne doit pas être interprétée comme mesure réelle.";Choix numérique projet;112
ExhaustManifold.js;MIN_TEMPERATURE;180;Garde numérique;Borne de sûreté numérique;Haute (comme garde);"Évite états non physiques ou instabilités numériques ; ne doit pas être interprétée comme mesure réelle.";Choix numérique projet;113
ExhaustManifold.js;MAX_TEMPERATURE;2600;Garde numérique;Borne de sûreté numérique;Haute (comme garde);"Évite états non physiques ou instabilités numériques ; ne doit pas être interprétée comme mesure réelle.";Choix numérique projet;114
ExhaustManifold.js;MIN_GAS_MASS;1e-9;Garde numérique;Borne de sûreté numérique;Haute (comme garde);"Évite états non physiques ou instabilités numériques ; ne doit pas être interprétée comme mesure réelle.";Choix numérique projet;115
ExhaustManifold.js;MAX_SOURCE_MASS_FRACTION_PER_STEP;0.25;Garde numérique;Borne de sûreté numérique;Haute (comme garde);"Évite états non physiques ou instabilités numériques ; ne doit pas être interprétée comme mesure réelle.";Choix numérique projet;116
ExhaustManifold.js;MAX_CYLINDER_WALL_ENERGY_FRACTION_PER_STEP;0.08;Garde numérique;Borne de sûreté numérique;Haute (comme garde);"Évite états non physiques ou instabilités numériques ; ne doit pas être interprétée comme mesure réelle.";Choix numérique projet;117
Turbocharger.js;TURBO_INLET_PRESSURE;101325;Condition de référence;Atmosphère de référence;Haute (comme condition);Condition ambiante imposée au modèle.;Hypothèse de simulation;34
Turbocharger.js;TURBO_INLET_TEMPERATURE;293;Condition de référence;Atmosphère de référence;Haute (comme condition);Condition ambiante imposée au modèle.;Hypothèse de simulation;35
Turbocharger.js;TURBINE_OUTLET_PRESSURE;108000;Calibration turbo;Loi analytique/calibration sans carte CT20B;Faible à moyenne;Paramètre du modèle turbo simplifié, à ne pas présenter comme donnée constructeur. Commentaire code : Pression après la turbine. Une ligne réelle oppose une légère contre-pression. Cette constante représente la turbine aval + downpipe + catalyseur + silencieux.;Calibration projet;39
Turbocharger.js;TURBINE_EFFECTIVE_RADIUS;0.026;Estimation / calibration turbo;Géométrie équivalente sans carte constructeur;Faible à moyenne;Paramètre équivalent choisi pour reproduire qualitativement débit, spool et bilan d’arbre. Commentaire code : Rayon moyen auquel le gaz transmet son moment cinétique à la roue. Valeur de calibration pour un petit turbo de série à faible inertie.;Estimation/calibration projet;47
Turbocharger.js;TURBINE_THROAT_AREA_PER_SCROLL;1.45e-4;Estimation / calibration turbo;Géométrie équivalente sans carte constructeur;Faible à moyenne;Paramètre équivalent choisi pour reproduire qualitativement débit, spool et bilan d’arbre. Commentaire code : Section minimale de chaque entrée de turbine twin-entry. Les deux scrolls restent indépendants jusqu'à la roue afin de conserver les pulsations.;Estimation/calibration projet;51
Turbocharger.js;TURBINE_DISCHARGE_COEFFICIENT;0.78;Calibration turbo;Loi analytique/calibration sans carte CT20B;Faible à moyenne;Paramètre du modèle turbo simplifié, à ne pas présenter comme donnée constructeur.;Calibration projet;52
Turbocharger.js;TURBINE_LOW_SPEED_PEAK_EFFICIENCY;0.66;Calibration turbo;Loi analytique/calibration sans carte CT20B;Faible à moyenne;Paramètre du modèle turbo simplifié, à ne pas présenter comme donnée constructeur. Commentaire code : Rendement maximal de conversion de l'énergie isentropique en puissance arbre. La roue n'atteint son meilleur comportement que près de sa vitesse de dessin : à faible vitesse, l'incidence et l'admission partielle réduisent le rendement. La transition est con…;Calibration projet;59
Turbocharger.js;TURBINE_DESIGN_SPEED_PEAK_EFFICIENCY;0.74;Calibration turbo;Loi analytique/calibration sans carte CT20B;Faible à moyenne;Paramètre du modèle turbo simplifié, à ne pas présenter comme donnée constructeur.;Calibration projet;60
Turbocharger.js;TURBINE_LOW_SPEED_FLOW_UTILIZATION_REFERENCE;0.043;Calibration turbo;Loi analytique/calibration sans carte CT20B;Faible à moyenne;Paramètre du modèle turbo simplifié, à ne pas présenter comme donnée constructeur. Commentaire code : Cette loi analytique remplace l'ancien comportement trop optimiste où chaque gramme de gaz produisait immédiatement le couple turbine maximal. Elle ne dépend pas directement du régime moteur : le seuil de spool apparaît depuis le débit réel calculé dans cha…;Calibration projet;70
Turbocharger.js;TURBINE_DESIGN_SPEED_FLOW_UTILIZATION_REFERENCE;0.030;Calibration turbo;Loi analytique/calibration sans carte CT20B;Faible à moyenne;Paramètre du modèle turbo simplifié, à ne pas présenter comme donnée constructeur.;Calibration projet;71
Turbocharger.js;TURBINE_EFFICIENCY_RECOVERY_START_RPM;118000;Calibration turbo;Loi analytique/calibration sans carte CT20B;Faible à moyenne;Paramètre du modèle turbo simplifié, à ne pas présenter comme donnée constructeur.;Calibration projet;72
Turbocharger.js;TURBINE_EFFICIENCY_RECOVERY_FULL_RPM;130000;Calibration turbo;Loi analytique/calibration sans carte CT20B;Faible à moyenne;Paramètre du modèle turbo simplifié, à ne pas présenter comme donnée constructeur.;Calibration projet;73
Turbocharger.js;TURBINE_FLOW_UTILIZATION_EXPONENT;4.0;Calibration turbo;Loi analytique/calibration sans carte CT20B;Faible à moyenne;Paramètre du modèle turbo simplifié, à ne pas présenter comme donnée constructeur.;Calibration projet;74
Turbocharger.js;TURBINE_OPTIMAL_BLADE_SPEED_RATIO;0.68;Calibration turbo;Loi analytique/calibration sans carte CT20B;Faible à moyenne;Paramètre du modèle turbo simplifié, à ne pas présenter comme donnée constructeur. Commentaire code : Rapport optimal vitesse périphérique / vitesse de détente isentropique.;Calibration projet;77
Turbocharger.js;WASTEGATE_MAX_AREA_PER_SCROLL;3.20e-4;Estimation / calibration turbo;Section équivalente maximale de wastegate;Faible à moyenne;"Aire effective de travail sans mesure CT20B disponible dans le projet ; paramètre influent sur la régulation du boost. Commentaire code : Aire totale de la wastegate interne, divisée entre les deux scrolls dans ce modèle. Elle doit être suffisante pour stabiliser le boost à haut régime.";Estimation/calibration projet;85
Turbocharger.js;WASTEGATE_DISCHARGE_COEFFICIENT;0.72;Calibration turbo;Loi analytique/calibration sans carte CT20B;Faible à moyenne;Paramètre du modèle turbo simplifié, à ne pas présenter comme donnée constructeur.;Calibration projet;86
Turbocharger.js;BOOST_TARGET_GAUGE_PRESSURE;90000;Calibration turbo;Loi analytique/calibration sans carte CT20B;Faible à moyenne;Paramètre du modèle turbo simplifié, à ne pas présenter comme donnée constructeur. Commentaire code : Consigne de suralimentation manométrique au collecteur. La calibration est volontairement légèrement moins agressive que dans la première version : la priorité est désormais la forme complète de la courbe et non l'obtention d'un unique point de puissance à …;Calibration projet;92
Turbocharger.js;BOOST_TARGET_LOW_FLOW_GAUGE_PRESSURE;72000;Calibration turbo;Loi analytique/calibration sans carte CT20B;Faible à moyenne;Paramètre du modèle turbo simplifié, à ne pas présenter comme donnée constructeur. Commentaire code : Le calculateur limite davantage la pression lorsque le compresseur travaille encore à faible débit corrigé, puis autorise progressivement la cible nominale. Cette loi agit sur la wastegate, jamais directement sur le couple moteur.;Calibration projet;97
Turbocharger.js;BOOST_TARGET_FLOW_RAMP_START;0.115;Calibration turbo;Loi analytique/calibration sans carte CT20B;Faible à moyenne;Paramètre du modèle turbo simplifié, à ne pas présenter comme donnée constructeur.;Calibration projet;98
Turbocharger.js;BOOST_TARGET_FLOW_RAMP_FULL;0.175;Calibration turbo;Loi analytique/calibration sans carte CT20B;Faible à moyenne;Paramètre du modèle turbo simplifié, à ne pas présenter comme donnée constructeur.;Calibration projet;99
Turbocharger.js;WASTEGATE_CRACK_GAUGE_PRESSURE;65000;Calibration turbo;Loi analytique/calibration sans carte CT20B;Faible à moyenne;Paramètre du modèle turbo simplifié, à ne pas présenter comme donnée constructeur. Commentaire code : La capsule commence à ouvrir avant la consigne. Cette ouverture anticipée évite un pic de couple excessif au moment où le turbo atteint brutalement sa zone efficace. Le correcteur VSV-equivalent ajuste ensuite la position autour de la cible, sans imposer di…;Calibration projet;105
Turbocharger.js;WASTEGATE_FULL_OPEN_GAUGE_PRESSURE;100000;Calibration turbo;Loi analytique/calibration sans carte CT20B;Faible à moyenne;Paramètre du modèle turbo simplifié, à ne pas présenter comme donnée constructeur.;Calibration projet;106
Turbocharger.js;WASTEGATE_CONTROL_KP;1 / 26000;Calibration turbo;Loi analytique/calibration sans carte CT20B;Faible à moyenne;Paramètre du modèle turbo simplifié, à ne pas présenter comme donnée constructeur.;Calibration projet;107
Turbocharger.js;WASTEGATE_CONTROL_KI;1 / 150000;Calibration turbo;Loi analytique/calibration sans carte CT20B;Faible à moyenne;Paramètre du modèle turbo simplifié, à ne pas présenter comme donnée constructeur.;Calibration projet;108
Turbocharger.js;WASTEGATE_ACTUATOR_TIME_CONSTANT;0.040;Calibration turbo;Loi analytique/calibration sans carte CT20B;Faible à moyenne;Paramètre du modèle turbo simplifié, à ne pas présenter comme donnée constructeur.;Calibration projet;109
Turbocharger.js;TURBO_OVERSPEED_WASTEGATE_START_RPM;165000;Calibration turbo;Loi analytique/calibration sans carte CT20B;Faible à moyenne;Paramètre du modèle turbo simplifié, à ne pas présenter comme donnée constructeur. Commentaire code : Garde de sécurité : ouverture supplémentaire lorsque l'arbre approche de sa vitesse maximale raisonnable.;Calibration projet;113
Turbocharger.js;TURBO_MAX_RPM;185000;Garde numérique / domaine;Borne du modèle turbo;Haute (comme garde);Limite le domaine de fonctionnement du modèle analytique simplifié.;Choix numérique/calibration projet;114
Turbocharger.js;TURBO_SHAFT_INERTIA;1.20e-4;Calibration;Inertie équivalente du rotor;Faible à moyenne;"Paramètre fortement influent sur le spool ; pas issu d’une mesure CT20B publique dans le projet. Commentaire code : Inertie équivalente turbine + arbre + compresseur. La première calibration était beaucoup trop faible : l'arbre atteignait plus de 100 000 tr/min alors que le moteur se trouvait encore vers 1500–2000 tr/min. Cette valeur inclut l'inertie polaire équivalente…";Calibration projet;125
Turbocharger.js;TURBO_BEARING_VISCOUS_FRICTION;1.8e-7;Calibration turbo;Loi analytique/calibration sans carte CT20B;Faible à moyenne;Paramètre du modèle turbo simplifié, à ne pas présenter comme donnée constructeur. Commentaire code : Pertes de paliers et de brassage. Elles s'opposent toujours à la rotation.;Calibration projet;128
Turbocharger.js;TURBO_WINDAGE_FRICTION;1.3e-11;Calibration turbo;Loi analytique/calibration sans carte CT20B;Faible à moyenne;Paramètre du modèle turbo simplifié, à ne pas présenter comme donnée constructeur.;Calibration projet;129
Turbocharger.js;TURBO_LOW_SPEED_FRICTION;0.0030;Calibration turbo;Loi analytique/calibration sans carte CT20B;Faible à moyenne;Paramètre du modèle turbo simplifié, à ne pas présenter comme donnée constructeur.;Calibration projet;130
Turbocharger.js;TURBO_LOW_SPEED_FRICTION_RPM;12000;Calibration turbo;Loi analytique/calibration sans carte CT20B;Faible à moyenne;Paramètre du modèle turbo simplifié, à ne pas présenter comme donnée constructeur.;Calibration projet;131
Turbocharger.js;COMPRESSOR_TIP_DIAMETER;0.052;Estimation / calibration turbo;Géométrie équivalente sans carte constructeur;Faible à moyenne;Paramètre équivalent choisi pour reproduire qualitativement débit, spool et bilan d’arbre. Commentaire code : Dimensions équivalentes de la roue compresseur. Elles sont des constantes de travail et non des mesures certifiées d'une roue CT20B particulière.;Estimation/calibration projet;139
Turbocharger.js;COMPRESSOR_INDUCER_DIAMETER;0.039;Estimation / calibration turbo;Géométrie équivalente sans carte constructeur;Faible à moyenne;Paramètre équivalent choisi pour reproduire qualitativement débit, spool et bilan d’arbre.;Estimation/calibration projet;140
Turbocharger.js;COMPRESSOR_TIP_RADIUS;COMPRESSOR_TIP_DIAMETER / 2;Dérivée;Calculée à partir d’autres paramètres;Haute si les entrées sont correctes;Cette constante est une conséquence algébrique d’autres valeurs du modèle.;Dérivation code;141
Turbocharger.js;COMPRESSOR_INDUCER_AREA;Math.PI * Math.pow(COMPRESSOR_INDUCER_DIAMETER, 2) / 4;Dérivée;Calculée à partir d’autres paramètres;Haute si les entrées sont correctes;Cette constante est une conséquence algébrique d’autres valeurs du modèle.;Dérivation code;142
Turbocharger.js;COMPRESSOR_SLIP_FACTOR;0.88;Calibration turbo;Loi analytique/calibration sans carte CT20B;Faible à moyenne;Paramètre du modèle turbo simplifié, à ne pas présenter comme donnée constructeur. Commentaire code : Le travail isentropique disponible suit U², conformément à l'équation d'Euler des turbomachines. Le produit slip * loading regroupe la géométrie des aubages.;Calibration projet;148
Turbocharger.js;COMPRESSOR_LOADING_COEFFICIENT;0.66;Calibration turbo;Loi analytique/calibration sans carte CT20B;Faible à moyenne;Paramètre du modèle turbo simplifié, à ne pas présenter comme donnée constructeur.;Calibration projet;149
Turbocharger.js;COMPRESSOR_MIN_EFFICIENCY;0.42;Calibration turbo / domaine;Borne basse de rendement du modèle analytique;Faible à moyenne;Borne physique/calibrée de la loi compresseur simplifiée, faute de carte CT20B mesurée. Commentaire code : Rendement calculé analytiquement en fonction de la vitesse et du coefficient de débit. Les limites évitent une température irréaliste hors du point nominal.;Calibration/domaine projet;153
Turbocharger.js;COMPRESSOR_MAX_EFFICIENCY;0.76;Calibration turbo / domaine;Borne haute de rendement du modèle analytique;Faible à moyenne;Borne physique/calibrée de la loi compresseur simplifiée, faute de carte CT20B mesurée.;Calibration/domaine projet;154
Turbocharger.js;COMPRESSOR_DESIGN_RPM;125000;Calibration turbo;Loi analytique/calibration sans carte CT20B;Faible à moyenne;Paramètre du modèle turbo simplifié, à ne pas présenter comme donnée constructeur.;Calibration projet;155
Turbocharger.js;COMPRESSOR_DESIGN_FLOW_COEFFICIENT;0.30;Calibration turbo;Loi analytique/calibration sans carte CT20B;Faible à moyenne;Paramètre du modèle turbo simplifié, à ne pas présenter comme donnée constructeur.;Calibration projet;156
Turbocharger.js;COMPRESSOR_DELIVERY_AREA;7.5e-4;Estimation / calibration turbo;Géométrie équivalente sans carte constructeur;Faible à moyenne;Paramètre équivalent choisi pour reproduire qualitativement débit, spool et bilan d’arbre. Commentaire code : Orifice équivalent entre la roue et le volume de suralimentation. Il permet à l'air de traverser le compresseur même à très faible régime, donc le moteur conserve un fonctionnement atmosphérique avant le spool.;Estimation/calibration projet;161
Turbocharger.js;COMPRESSOR_DELIVERY_DISCHARGE_COEFFICIENT;0.82;Calibration turbo;Loi analytique/calibration sans carte CT20B;Faible à moyenne;Paramètre du modèle turbo simplifié, à ne pas présenter comme donnée constructeur.;Calibration projet;162
Turbocharger.js;COMPRESSOR_STATIC_FLOW_CAPACITY;0.105;Calibration turbo;Loi analytique/calibration sans carte CT20B;Faible à moyenne;"Paramètre du modèle turbo simplifié, à ne pas présenter comme donnée constructeur. Commentaire code : Capacité de débit traversant la roue. Une partie existe même arbre presque arrêté ; la contribution dynamique augmente avec la vitesse périphérique.";Calibration projet;166
Turbocharger.js;COMPRESSOR_DYNAMIC_FLOW_COEFFICIENT;0.34;Calibration turbo;Loi analytique/calibration sans carte CT20B;Faible à moyenne;Paramètre du modèle turbo simplifié, à ne pas présenter comme donnée constructeur.;Calibration projet;167
Turbocharger.js;COMPRESSOR_MAX_MASS_FLOW;0.32;Garde numérique / domaine;Borne du modèle turbo;Haute (comme garde);Limite le domaine de fonctionnement du modèle analytique simplifié.;Choix numérique/calibration projet;168
Turbocharger.js;COMPRESSOR_REFERENCE_PRESSURE;101325;Calibration turbo;Loi analytique/calibration sans carte CT20B;Faible à moyenne;Paramètre du modèle turbo simplifié, à ne pas présenter comme donnée constructeur. Commentaire code : Choke analytique fondé sur le débit massique corrigé à l'entrée. La limite représente la capacité aérodynamique équivalente de l'inducteur/diffuseur : elle ne dépend ni du régime moteur ni d'une courbe de couple recherchée.;Calibration projet;173
Turbocharger.js;COMPRESSOR_REFERENCE_TEMPERATURE;293;Calibration turbo;Loi analytique/calibration sans carte CT20B;Faible à moyenne;Paramètre du modèle turbo simplifié, à ne pas présenter comme donnée constructeur.;Calibration projet;174
Turbocharger.js;COMPRESSOR_CHOKE_START_CORRECTED_FLOW;0.155;Calibration turbo;Loi analytique/calibration sans carte CT20B;Faible à moyenne;Paramètre du modèle turbo simplifié, à ne pas présenter comme donnée constructeur.;Calibration projet;175
Turbocharger.js;COMPRESSOR_CHOKE_FULL_CORRECTED_FLOW;0.172;Calibration turbo;Loi analytique/calibration sans carte CT20B;Faible à moyenne;Paramètre du modèle turbo simplifié, à ne pas présenter comme donnée constructeur.;Calibration projet;176
Turbocharger.js;COMPRESSOR_MAX_CORRECTED_FLOW;0.185;Garde numérique / domaine;Borne du modèle turbo;Haute (comme garde);Limite le domaine de fonctionnement du modèle analytique simplifié.;Choix numérique/calibration projet;177
Turbocharger.js;COMPRESSOR_CHOKE_MAX_PRESSURE_RISE_LOSS;0.72;Garde numérique / domaine;Borne du modèle turbo;Haute (comme garde);Limite le domaine de fonctionnement du modèle analytique simplifié.;Choix numérique/calibration projet;178
Turbocharger.js;COMPRESSOR_CHOKE_MAX_EFFICIENCY_LOSS;0.10;Garde numérique / domaine;Borne du modèle turbo;Haute (comme garde);Limite le domaine de fonctionnement du modèle analytique simplifié.;Choix numérique/calibration projet;179
Turbocharger.js;COMPRESSOR_CHOKE_RESPONSE_TIME_CONSTANT;0.040;Calibration turbo;Loi analytique/calibration sans carte CT20B;Faible à moyenne;Paramètre du modèle turbo simplifié, à ne pas présenter comme donnée constructeur.;Calibration projet;180
Turbocharger.js;COMPRESSOR_TIP_MACH_LOSS_START;1.12;Calibration turbo;Loi analytique/calibration sans carte CT20B;Faible à moyenne;Paramètre du modèle turbo simplifié, à ne pas présenter comme donnée constructeur. Commentaire code : À vitesse périphérique transsonique, incidence, ondes de choc et fuites de bout réduisent le travail d'Euler réellement utilisable. La correction est fondée sur le Mach de bout de pale, jamais sur le régime moteur.;Calibration projet;185
Turbocharger.js;COMPRESSOR_TIP_MACH_LOSS_FULL;1.38;Calibration turbo;Loi analytique/calibration sans carte CT20B;Faible à moyenne;Paramètre du modèle turbo simplifié, à ne pas présenter comme donnée constructeur.;Calibration projet;186
Turbocharger.js;COMPRESSOR_TIP_MACH_MAX_HEAD_LOSS;0.22;Garde numérique / domaine;Borne du modèle turbo;Haute (comme garde);Limite le domaine de fonctionnement du modèle analytique simplifié.;Choix numérique/calibration projet;187
Turbocharger.js;CHARGE_AIR_VOLUME;0.0055;Estimation / calibration turbo;Géométrie équivalente sans carte constructeur;Faible à moyenne;Paramètre équivalent choisi pour reproduire qualitativement débit, spool et bilan d’arbre. Commentaire code : Volume total entre sortie compresseur et papillon : durites, échangeur et réservoirs latéraux. Il crée la dynamique de montée et de chute du boost.;Estimation/calibration projet;195
Turbocharger.js;INTERCOOLER_BASE_CONDUCTANCE;18;Calibration turbo;Loi analytique/calibration sans carte CT20B;Faible à moyenne;"Paramètre du modèle turbo simplifié, à ne pas présenter comme donnée constructeur. Commentaire code : Échange thermique de l'intercooler vers l'air ambiant. Le premier terme agit même véhicule immobile ; le second augmente avec le débit d'air comprimé et la vitesse équivalente du véhicule sur le banc.";Calibration projet;200
Turbocharger.js;INTERCOOLER_FLOW_CONDUCTANCE;520;Calibration turbo;Loi analytique/calibration sans carte CT20B;Faible à moyenne;Paramètre du modèle turbo simplifié, à ne pas présenter comme donnée constructeur.;Calibration projet;201
Turbocharger.js;INTERCOOLER_SPEED_CONDUCTANCE;0.75;Calibration turbo;Loi analytique/calibration sans carte CT20B;Faible à moyenne;Paramètre du modèle turbo simplifié, à ne pas présenter comme donnée constructeur.;Calibration projet;202
Turbocharger.js;INTERCOOLER_MAX_CONDUCTANCE;250;Garde numérique / domaine;Borne du modèle turbo;Haute (comme garde);Limite le domaine de fonctionnement du modèle analytique simplifié.;Choix numérique/calibration projet;203
Turbocharger.js;INTERCOOLER_PRESSURE_RECOVERY;0.985;Calibration turbo;Loi analytique/calibration sans carte CT20B;Faible à moyenne;Paramètre du modèle turbo simplifié, à ne pas présenter comme donnée constructeur.;Calibration projet;204
Turbocharger.js;BYPASS_OPEN_THROTTLE;0.075;Calibration turbo;Loi analytique/calibration sans carte CT20B;Faible à moyenne;Paramètre du modèle turbo simplifié, à ne pas présenter comme donnée constructeur. Commentaire code : Au lever de pied sous boost, une soupape de recirculation évite de maintenir une forte pression devant le papillon et limite le pompage du compresseur.;Calibration projet;212
Turbocharger.js;BYPASS_CLOSE_THROTTLE;0.12;Calibration turbo;Loi analytique/calibration sans carte CT20B;Faible à moyenne;Paramètre du modèle turbo simplifié, à ne pas présenter comme donnée constructeur.;Calibration projet;213
Turbocharger.js;BYPASS_OPEN_PRESSURE_DIFFERENCE;26000;Calibration turbo;Loi analytique/calibration sans carte CT20B;Faible à moyenne;Paramètre du modèle turbo simplifié, à ne pas présenter comme donnée constructeur.;Calibration projet;214
Turbocharger.js;BYPASS_MAX_AREA;2.4e-4;Estimation / calibration turbo;Section équivalente maximale du bypass;Faible à moyenne;"Aire effective de soupape de décharge du circuit de charge ; non mesurée sur le véhicule réel.";Estimation/calibration projet;215
Turbocharger.js;BYPASS_DISCHARGE_COEFFICIENT;0.76;Calibration turbo;Loi analytique/calibration sans carte CT20B;Faible à moyenne;Paramètre du modèle turbo simplifié, à ne pas présenter comme donnée constructeur.;Calibration projet;216
Turbocharger.js;BYPASS_ACTUATOR_TIME_CONSTANT;0.035;Calibration turbo;Loi analytique/calibration sans carte CT20B;Faible à moyenne;Paramètre du modèle turbo simplifié, à ne pas présenter comme donnée constructeur.;Calibration projet;217
Turbocharger.js;MIN_PRESSURE;1000;Garde numérique;Borne de sûreté numérique;Haute (comme garde);"Évite états non physiques ou instabilités numériques ; ne doit pas être interprétée comme mesure réelle.";Choix numérique projet;223
Turbocharger.js;MIN_TEMPERATURE;180;Garde numérique;Borne de sûreté numérique;Haute (comme garde);"Évite états non physiques ou instabilités numériques ; ne doit pas être interprétée comme mesure réelle.";Choix numérique projet;224
Turbocharger.js;MAX_CHARGE_TEMPERATURE;520;Garde numérique;Borne de sûreté numérique;Haute (comme garde);"Évite états non physiques ou instabilités numériques ; ne doit pas être interprétée comme mesure réelle.";Choix numérique projet;225
Turbocharger.js;MIN_GAS_MASS;1e-9;Garde numérique;Borne de sûreté numérique;Haute (comme garde);"Évite états non physiques ou instabilités numériques ; ne doit pas être interprétée comme mesure réelle.";Choix numérique projet;226
Turbocharger.js;MAX_SOURCE_MASS_FRACTION_PER_STEP;0.22;Garde numérique;Borne de sûreté numérique;Haute (comme garde);"Évite états non physiques ou instabilités numériques ; ne doit pas être interprétée comme mesure réelle.";Choix numérique projet;227
IntakeValves.ts;INTAKE_VALVE_OPEN_DEG;0;Calibration distribution;Calage simplifié de travail : ouverture au PMH;Moyenne;Choix de modèle sans croisement, explicitement non présenté comme profil de came Toyota mesuré. Commentaire code : Pour cette première version, l'ouverture commence au PMH. On évite volontairement le croisement avec l'échappement tant que la soupape d'échappement et le collecteur d'échappement ne sont pas encore dynamiques.;Calibration projet;30
IntakeValves.ts;INTAKE_VALVE_CLOSE_DEG;245;Calibration distribution;Calage simplifié : fermeture 65° après PMB;Moyenne;"Choix de travail pour représenter inertie de colonne gazeuse/reflux ; loi de came constructeur détaillée non sourcée. Commentaire code : La fermeture est retardée après le PMB afin de conserver l'effet d'inertie des gaz à haut régime et de permettre un reflux naturel à faible régime.";Calibration projet;34
IntakeValves.ts;INTAKE_VALVE_COUNT;2;Architecture;Architecture 16 soupapes / twin-entry;Haute à moyenne;Architecture du système, pas un ajustement de performance. Commentaire code : Ces valeurs sont des constantes initiales de calibration du modèle. Elles sont volontairement regroupées ici pour pouvoir être remplacées par des mesures ou des données de culasse certifiées sans modifier les équations.;Architecture ST205 / projet;44
IntakeValves.ts;INTAKE_VALVE_DIAMETER;0.033;Estimation géométrique;Estimation géométrique très plausible;Moyenne;"Diamètre équivalent d’admission cohérent avec une culasse 4 soupapes/cylindre de 86 mm d’alésage ; non revendiqué constructeur.";Estimation projet;45
IntakeValves.ts;INTAKE_PORT_DIAMETER;0.029;Estimation géométrique;Estimation géométrique projet;Moyenne;Diamètre effectif de port utilisé pour borner la section de débit.;Estimation projet;46
IntakeValves.ts;INTAKE_VALVE_MAX_LIFT;0.0085;Estimation géométrique;Profil de distribution estimé;Moyenne;Levée maximale de travail, faute de loi de came constructeur détaillée.;Estimation projet;47
IntakeValves.ts;INTAKE_VALVE_MAX_LIFT_DEG;110;Estimation géométrique;Géométrie équivalente 0D;Moyenne;Géométrie effective de travail, non revendiquée comme mesure constructeur. Commentaire code : Le sommet de came reste fixé : retarder la fermeture allonge uniquement la rampe descendante. Cela évite de déplacer artificiellement toute la levée.;Estimation projet;51
IntakeValves.ts;INTAKE_VALVE_LOW_REYNOLDS_DISCHARGE_COEFFICIENT;0.68;Calibration;Coefficient de débit / réponse calibré;Moyenne;Paramètre effectif ajusté pour représenter les pertes et régimes d’écoulement sans géométrie 1D détaillée. Commentaire code : Coefficient regroupant contraction du jet, pertes au siège et turbulence. Il est appliqué dans l'équation de débit compressible, pas dans l'aire.;Calibration projet;55
IntakeValves.ts;INTAKE_VALVE_HIGH_REYNOLDS_DISCHARGE_COEFFICIENT;0.71;Calibration;Coefficient de débit / réponse calibré;Moyenne;Paramètre effectif ajusté pour représenter les pertes et régimes d’écoulement sans géométrie 1D détaillée.;Calibration projet;56
IntakeValves.ts;INTAKE_REYNOLDS_TRANSITION_START_MEAN_PISTON_SPEED;12.0;Calibration;Coefficient de débit / réponse calibré;Moyenne;Paramètre effectif ajusté pour représenter les pertes et régimes d’écoulement sans géométrie 1D détaillée.;Calibration projet;57
IntakeValves.ts;INTAKE_REYNOLDS_TRANSITION_FULL_MEAN_PISTON_SPEED;17.0;Calibration;Coefficient de débit / réponse calibré;Moyenne;Paramètre effectif ajusté pour représenter les pertes et régimes d’écoulement sans géométrie 1D détaillée.;Calibration projet;58
IntakeValves.ts;INTAKE_LOW_LIFT_DISCHARGE_FACTOR;0.66;Calibration;Coefficient de débit / réponse calibré;Moyenne;Paramètre effectif ajusté pour représenter les pertes et régimes d’écoulement sans géométrie 1D détaillée. Commentaire code : À faible levée, le jet est fortement contracté par le siège et le coefficient de décharge est inférieur à sa valeur de pleine levée. La loi dépend de L/D, donc de la géométrie réelle instantanée, et non directement du régime moteur.;Calibration projet;63
IntakeValves.ts;INTAKE_LIFT_RATIO_DEVELOPMENT_START;0.015;Estimation géométrique;Géométrie équivalente 0D;Moyenne;Géométrie effective de travail, non revendiquée comme mesure constructeur.;Estimation projet;64
IntakeValves.ts;INTAKE_LIFT_RATIO_FULLY_DEVELOPED;0.18;Estimation géométrique;Géométrie équivalente 0D;Moyenne;Géométrie effective de travail, non revendiquée comme mesure constructeur.;Estimation projet;65
ExhaustValves.ts;EXHAUST_VALVE_OPEN_DEG;500;Calibration distribution;Calage simplifié : ouverture 40° avant PMB détente;Moyenne;"Choix de travail pour représenter le blowdown ; non revendiqué comme calage Toyota mesuré. Commentaire code : Ouverture 40° avant le PMB de détente. L'ouverture anticipée sacrifie une petite partie du travail de détente, mais permet le blowdown : la pression élevée du cylindre se décharge rapidement vers le collecteur avant que le piston commence sa remontée d'écha…";Calibration projet;29
ExhaustValves.ts;EXHAUST_VALVE_CLOSE_DEG;720;Calibration distribution;Fermeture au PMH échappement;Moyenne;"Choix volontaire sans croisement pour le solveur 0D actuel ; non revendiqué constructeur. Commentaire code : Fermeture au PMH d'échappement. Aucun croisement n'est encore introduit volontairement : l'admission ouvre à 0° et l'échappement ferme à 720°. Cela évite d'appliquer deux fois le travail P dV tant que le solveur de croisement commun n'est pas développé.";Calibration projet;35
ExhaustValves.ts;EXHAUST_VALVE_OPEN_RAD;EXHAUST_VALVE_OPEN_DEG * Math.PI / 180;Dérivée;Conversion de EXHAUST_VALVE_OPEN_DEG en radians;Haute;Valeur strictement dérivée du calage en degrés.;Dérivation code;37
ExhaustValves.ts;EXHAUST_VALVE_CLOSE_RAD;EXHAUST_VALVE_CLOSE_DEG * Math.PI / 180;Dérivée;Conversion de EXHAUST_VALVE_CLOSE_DEG en radians;Haute;Valeur strictement dérivée du calage en degrés.;Dérivation code;38
ExhaustValves.ts;EXHAUST_VALVE_DURATION_RAD;EXHAUST_VALVE_CLOSE_RAD - EXHAUST_VALVE_OPEN_RAD;Dérivée;Calculée à partir d’autres paramètres;Haute si les entrées sont correctes;Cette constante est une conséquence algébrique d’autres valeurs du modèle.;Dérivation code;39
ExhaustValves.ts;EXHAUST_VALVE_COUNT;2;Architecture;Architecture 16 soupapes / twin-entry;Haute à moyenne;Architecture du système, pas un ajustement de performance. Commentaire code : Le 3S-GTE est une culasse 16 soupapes : deux soupapes d'échappement par cylindre. Les dimensions ci-dessous sont des valeurs de calibration initiale, regroupées ici afin d'être remplacées facilement par des cotes mesurées.;Architecture ST205 / projet;49
ExhaustValves.ts;EXHAUST_VALVE_DIAMETER;0.029;Estimation géométrique;Estimation géométrique très plausible;Moyenne;"Diamètre équivalent d’échappement plausible pour la géométrie de culasse ; non revendiqué constructeur.";Estimation projet;50
ExhaustValves.ts;EXHAUST_PORT_DIAMETER;0.0255;Estimation géométrique;Estimation géométrique projet;Moyenne;Diamètre effectif de port utilisé pour borner la section de débit.;Estimation projet;51
ExhaustValves.ts;EXHAUST_VALVE_MAX_LIFT;0.0080;Estimation géométrique;Profil de distribution estimé;Moyenne;Levée maximale de travail, faute de loi de came constructeur détaillée.;Estimation projet;52
ExhaustValves.ts;EXHAUST_VALVE_LOW_REYNOLDS_DISCHARGE_COEFFICIENT;0.70;Calibration;Coefficient de débit / réponse calibré;Moyenne;Paramètre effectif ajusté pour représenter les pertes et régimes d’écoulement sans géométrie 1D détaillée. Commentaire code : Le coefficient de décharge représente la contraction du jet, le siège, la courbure du port et les pertes non résolues par le modèle d'orifice parfait.;Calibration projet;56
ExhaustValves.ts;EXHAUST_VALVE_HIGH_REYNOLDS_DISCHARGE_COEFFICIENT;0.76;Calibration;Coefficient de débit / réponse calibré;Moyenne;Paramètre effectif ajusté pour représenter les pertes et régimes d’écoulement sans géométrie 1D détaillée.;Calibration projet;57
ExhaustValves.ts;EXHAUST_REYNOLDS_TRANSITION_START_MEAN_PISTON_SPEED;11.5;Calibration;Coefficient de débit / réponse calibré;Moyenne;Paramètre effectif ajusté pour représenter les pertes et régimes d’écoulement sans géométrie 1D détaillée.;Calibration projet;58
ExhaustValves.ts;EXHAUST_REYNOLDS_TRANSITION_FULL_MEAN_PISTON_SPEED;16.5;Calibration;Coefficient de débit / réponse calibré;Moyenne;Paramètre effectif ajusté pour représenter les pertes et régimes d’écoulement sans géométrie 1D détaillée.;Calibration projet;59
CompressibleFlow.ts;R_AIR;287.05;Constante physique générique;Air sec idéal;Haute;Constante spécifique de l’air utilisée dans le gaz parfait.;Valeur standard;14
CompressibleFlow.ts;GAMMA_AIR;1.40;Constante physique générique;Air parfait à gamma constant;Moyenne à haute;Approximation constante du rapport Cp/Cv.;Hypothèse thermodynamique générique;15
CompressibleFlow.ts;CV_AIR;R_AIR / (GAMMA_AIR - 1);Dérivée;Calculée à partir d’autres paramètres;Haute si les entrées sont correctes;Cette constante est une conséquence algébrique d’autres valeurs du modèle. Commentaire code : Pour un gaz parfait : R = Cp - Cv et gamma = Cp / Cv.;Dérivation code;18
CompressibleFlow.ts;CP_AIR;GAMMA_AIR * CV_AIR;Dérivée;Calculée à partir d’autres paramètres;Haute si les entrées sont correctes;Cette constante est une conséquence algébrique d’autres valeurs du modèle.;Dérivation code;19
CompressibleFlow.ts;GAMMA_CYLINDER_GAS;1.35;Hypothèse thermodynamique;Gaz brûlés à gamma constant;Moyenne;Approximation 0D simplifiée des propriétés des gaz cylindre. Commentaire code : Ces valeurs restent constantes pour conserver un modèle temps réel simple. Elles pourront plus tard être remplacées par Cv(T) et Cp(T) sans modifier la structure du bilan d'énergie.;Hypothèse projet;29
CompressibleFlow.ts;CV_CYLINDER_GAS;R_AIR / (GAMMA_CYLINDER_GAS - 1);Dérivée;Calculée à partir d’autres paramètres;Haute si les entrées sont correctes;Cette constante est une conséquence algébrique d’autres valeurs du modèle.;Dérivation code;30
CompressibleFlow.ts;CP_CYLINDER_GAS;CV_CYLINDER_GAS + R_AIR;Dérivée;Calculée à partir d’autres paramètres;Haute si les entrées sont correctes;Cette constante est une conséquence algébrique d’autres valeurs du modèle.;Dérivation code;31
CompressibleFlow.ts;MIN_TEMPERATURE;1;Garde numérique;Borne de sûreté numérique;Haute (comme garde);"Évite états non physiques ou instabilités numériques ; ne doit pas être interprétée comme mesure réelle. Commentaire code : Garde numérique commune à tous les calculs de débit.";Choix numérique projet;34
CompressibleFlow.ts;MIN_PRESSURE;1;Garde numérique;Borne de sûreté numérique;Haute (comme garde);"Évite états non physiques ou instabilités numériques ; ne doit pas être interprétée comme mesure réelle.";Choix numérique projet;35
Thermodynamics.js;LHV_FUEL;44000000;Constante physique générique;Essence générique : 44 MJ/kg;Moyenne à haute;PCI de travail, pas une propriété Toyota spécifique. Commentaire code : Pouvoir calorifique inférieur de travail de l'essence. Il représente l'énergie chimique libérable par kilogramme de carburant.;Valeur générique de modélisation;37
Thermodynamics.js;COMBUSTION_HEAT_RELEASE_EFFICIENCY;0.96;Calibration;Calibration énergétique combustion;Moyenne;"Fraction du PCI transformée en chaleur utile avant pertes aux parois ; ne représente pas un rendement mécanique. Commentaire code : Cette constante n'est PAS un rendement mécanique : les pertes aux parois et le travail du piston sont calculés séparément dans le bilan d'énergie.";Calibration projet;45
Thermodynamics.js;STOICHIOMETRIC_AFR;14.7;Constante physique générique;Essence générique : AFR 14,7;Moyenne à haute;Stœchiométrie simplifiée de l’essence.;Valeur générique de modélisation;46
Thermodynamics.js;RICH_MIXTURE_MAX_ADDITIONAL_HEAT_LOSS;0.03;Garde numérique;Borne thermodynamique;Haute (comme garde);Empêche pression/température non finies ou hors domaine. Commentaire code : Un mélange enrichi injecte davantage de carburant, mais l'oxygène disponible limite la masse pouvant réellement libérer son PCI. Sans cette garde, passer de 14.7 à 11.8 augmenterait artificiellement la puissance de 25 %, alors que le carburant excédentaire …;Choix numérique projet;52
Thermodynamics.js;LOW_SPEED_COMBUSTION_DURATION_DEG;50;Calibration;Loi de Wiebe calibrée;Moyenne;Durée de combustion basse vitesse choisie pour le modèle qualitatif. Commentaire code : Durée actuelle de la loi de Wiebe. L'avance n'est plus figée ici : EngineControl.js commande state.ignitionTimingDeg afin d'utiliser une avance réduite au démarreur et une avance nominale une fois le moteur autonome. La durée en degrés diminue légèrement lo…;Calibration projet;60
Thermodynamics.js;HIGH_SPEED_COMBUSTION_DURATION_DEG;44;Calibration;Loi de Wiebe calibrée;Moyenne;Durée haute vitesse raccourcie pour représenter l’effet de turbulence.;Calibration projet;61
Thermodynamics.js;COMBUSTION_DURATION_SHORTENING_START_RPM;3000;Calibration / hypothèse thermodynamique;Paramètre de combustion 0D;Moyenne;Paramètre de loi de Wiebe, richesse ou efficacité simplifiée.;Calibration/hypothèse projet;62
Thermodynamics.js;COMBUSTION_DURATION_SHORTENING_FULL_RPM;6000;Calibration / hypothèse thermodynamique;Paramètre de combustion 0D;Moyenne;Paramètre de loi de Wiebe, richesse ou efficacité simplifiée.;Calibration/hypothèse projet;63
Thermodynamics.js;WIEBE_CA50_NORMALIZED_POSITION;Math.pow( Math.log(2) / 5.0, 1 / 3 );Calibration / hypothèse thermodynamique;Paramètre de combustion 0D;Moyenne;Paramètre de loi de Wiebe, richesse ou efficacité simplifiée. Commentaire code : Pour la loi de Wiebe utilisée ici (a=5, m=2), cette position normalisée correspond exactement à 50 % de masse brûlée.;Calibration/hypothèse projet;67
Thermodynamics.js;MIN_PRESSURE;1000;Garde numérique;Borne de sûreté numérique;Haute (comme garde);"Évite états non physiques ou instabilités numériques ; ne doit pas être interprétée comme mesure réelle.";Choix numérique projet;114
Thermodynamics.js;MIN_TEMPERATURE;150;Garde numérique;Borne de sûreté numérique;Haute (comme garde);"Évite états non physiques ou instabilités numériques ; ne doit pas être interprétée comme mesure réelle.";Choix numérique projet;115
Thermodynamics.js;MAX_TEMPERATURE;4500;Garde numérique;Borne de sûreté numérique;Haute (comme garde);"Évite états non physiques ou instabilités numériques ; ne doit pas être interprétée comme mesure réelle.";Choix numérique projet;116
Thermodynamics.js;MIN_GAS_MASS;1e-9;Garde numérique;Borne de sûreté numérique;Haute (comme garde);"Évite états non physiques ou instabilités numériques ; ne doit pas être interprétée comme mesure réelle.";Choix numérique projet;117
Thermodynamics.js;MAX_WALL_ENERGY_FRACTION_PER_STEP;0.08;Garde numérique;Borne de sûreté numérique;Haute (comme garde);"Évite états non physiques ou instabilités numériques ; ne doit pas être interprétée comme mesure réelle. Commentaire code : À dt = 0.1 ms, le transfert thermique normal est très inférieur à cette limite. Cette garde protège seulement le solveur lors d'une mauvaise initialisation ou d'une calibration extrême du coefficient thermique.";Choix numérique projet;122
CylinderHeatTransfer.js;CYLINDER_HEAD_WALL_TEMPERATURE;430;Calibration thermique;Loi inspirée Woschni simplifiée;Faible à moyenne;"Coefficient/température de paroi effectifs faute de mesures thermiques du moteur réel. Commentaire code : Elles représentent un moteur déjà chaud : - la culasse est refroidie par le liquide ; - le piston est généralement plus chaud que la culasse ; - la chemise reste proche du circuit de refroidissement.";Calibration projet;32
CylinderHeatTransfer.js;PISTON_CROWN_WALL_TEMPERATURE;500;Calibration thermique;Loi inspirée Woschni simplifiée;Faible à moyenne;Coefficient/température de paroi effectifs faute de mesures thermiques du moteur réel.;Calibration projet;33
CylinderHeatTransfer.js;CYLINDER_LINER_WALL_TEMPERATURE;390;Calibration thermique;Loi inspirée Woschni simplifiée;Faible à moyenne;Coefficient/température de paroi effectifs faute de mesures thermiques du moteur réel.;Calibration projet;34
CylinderHeatTransfer.js;CYLINDER_HEAD_AREA_FACTOR;1.08;Calibration thermique;Loi inspirée Woschni simplifiée;Faible à moyenne;Coefficient/température de paroi effectifs faute de mesures thermiques du moteur réel. Commentaire code : Les surfaces réelles ne sont pas parfaitement planes : chambre pent-roof, cuvette du piston, sièges de soupapes, bougie, etc. Ces facteurs corrigent légèrement la surface projetée sans introduire une géométrie 3D complète.;Calibration projet;39
CylinderHeatTransfer.js;PISTON_CROWN_AREA_FACTOR;1.03;Calibration thermique;Loi inspirée Woschni simplifiée;Faible à moyenne;Coefficient/température de paroi effectifs faute de mesures thermiques du moteur réel.;Calibration projet;40
CylinderHeatTransfer.js;BASE_HEAT_TRANSFER_COEFFICIENT;130;Calibration thermique;Loi inspirée Woschni simplifiée;Faible à moyenne;"Coefficient/température de paroi effectifs faute de mesures thermiques du moteur réel. Commentaire code : Les rapports sont normalisés afin de conserver des unités explicites et une constante C directement lisible en W/(m².K). Ce n'est pas une reproduction exacte d'une version industrielle de Woschni ; c'est une corrélation 0D stable et calibrable destinée au t…";Calibration projet;54
CylinderHeatTransfer.js;REFERENCE_BORE;0.086;Référence géométrique;Alésage de référence 86 mm;Haute;Normalisation de la corrélation thermique sur l’alésage constructeur du ST205.;Toyota ST205 + dérivation modèle;55
CylinderHeatTransfer.js;REFERENCE_PRESSURE;100000;Référence de corrélation;Pression de normalisation 1 bar;Haute comme référence;"Échelle de normalisation de la loi de transfert thermique ; pas une pression moteur cible.";Choix de normalisation projet;56
CylinderHeatTransfer.js;REFERENCE_TEMPERATURE;300;Référence de corrélation;Température de normalisation 300 K;Haute comme référence;"Échelle de normalisation de la corrélation ; pas une température moteur cible.";Choix de normalisation projet;57
CylinderHeatTransfer.js;REFERENCE_GAS_VELOCITY;10;Référence de corrélation;Vitesse gazeuse de normalisation 10 m/s;Moyenne;Échelle de référence de la corrélation inspirée Woschni simplifiée.;Choix de normalisation/calibration projet;58
CylinderHeatTransfer.js;MINIMUM_GAS_VELOCITY;0.50;Garde numérique;Borne de sûreté numérique;Haute (comme garde);"Évite états non physiques ou instabilités numériques ; ne doit pas être interprétée comme mesure réelle. Commentaire code : Le terme minimal évite que les échanges deviennent artificiellement nuls à très bas régime. Le terme de combustion augmente temporairement la turbulence pendant la propagation de la flamme.";Choix numérique projet;67
CylinderHeatTransfer.js;PISTON_SPEED_VELOCITY_FACTOR;0.65;Calibration thermique;Loi inspirée Woschni simplifiée;Faible à moyenne;Coefficient/température de paroi effectifs faute de mesures thermiques du moteur réel.;Calibration projet;68
CylinderHeatTransfer.js;COMBUSTION_TURBULENCE_FACTOR;1.25;Calibration thermique;Loi inspirée Woschni simplifiée;Faible à moyenne;Coefficient/température de paroi effectifs faute de mesures thermiques du moteur réel.;Calibration projet;69
CylinderHeatTransfer.js;MIN_HEAT_TRANSFER_COEFFICIENT;10;Garde numérique;Borne de sûreté numérique;Haute (comme garde);"Évite états non physiques ou instabilités numériques ; ne doit pas être interprétée comme mesure réelle. Commentaire code : Bornes numériques et physiques de calibration. Elles évitent une divergence en cas de pression ou de température anormale pendant une phase de réglage.";Choix numérique projet;73
CylinderHeatTransfer.js;MAX_HEAT_TRANSFER_COEFFICIENT;5000;Garde numérique;Borne de sûreté numérique;Haute (comme garde);"Évite états non physiques ou instabilités numériques ; ne doit pas être interprétée comme mesure réelle.";Choix numérique projet;74
CylinderHeatTransfer.js;MIN_PRESSURE;1000;Garde numérique;Borne de sûreté numérique;Haute (comme garde);"Évite états non physiques ou instabilités numériques ; ne doit pas être interprétée comme mesure réelle.";Choix numérique projet;75
CylinderHeatTransfer.js;MIN_TEMPERATURE;150;Garde numérique;Borne de sûreté numérique;Haute (comme garde);"Évite états non physiques ou instabilités numériques ; ne doit pas être interprétée comme mesure réelle.";Choix numérique projet;76
MechanicalLosses.js;CYLINDER_COUNT;CYLINDER_OFFSETS.length;Dérivée;Calculée depuis géométrie/architecture;Haute;Valeur dérivée.;Dérivation code;23
MechanicalLosses.js;TOTAL_DISPLACEMENT;SWEPT_VOLUME * CYLINDER_COUNT;Dérivée;Calculée à partir d’autres paramètres;Haute si les entrées sont correctes;Cette constante est une conséquence algébrique d’autres valeurs du modèle.;Dérivation code;24
MechanicalLosses.js;FOUR_STROKE_CYCLE_ANGLE;4 * Math.PI;Dérivée;Calculée depuis géométrie/architecture;Haute;Valeur dérivée.;Dérivation code;32
MechanicalLosses.js;ATMOSPHERIC_PRESSURE;101325;Condition de référence;Pression atmosphérique 101 325 Pa;Haute;"Référence manométrique des pressions pour la loi de pertes ; non spécifique Toyota. Commentaire code : Pression de référence utilisée pour retirer la partie atmosphérique du pic de pression cylindre dans le terme de frottement dépendant de la charge.";Condition ambiante de simulation;36
MechanicalLosses.js;BASE_FMEP;45000;Calibration pertes;Loi FMEP/accessoires;Faible à moyenne;Coefficients effectifs de pertes mécaniques non identifiés sur banc réel. Commentaire code : Frottements secs et limites de lubrification : segments, jupes, paliers, distribution. Cette partie subsiste même à faible régime.;Calibration projet;59
MechanicalLosses.js;LINEAR_FMEP_PER_PISTON_SPEED;2800;Calibration pertes;Loi FMEP/accessoires;Faible à moyenne;Coefficients effectifs de pertes mécaniques non identifiés sur banc réel. Commentaire code : Terme approximativement proportionnel à la vitesse de glissement moyenne.;Calibration projet;62
MechanicalLosses.js;QUADRATIC_FMEP_PER_PISTON_SPEED_SQUARED;190;Calibration pertes;Loi FMEP/accessoires;Faible à moyenne;Coefficients effectifs de pertes mécaniques non identifiés sur banc réel. Commentaire code : Terme quadratique : barbotage d'huile, ventilation du carter, pertes de distribution et croissance rapide des pertes à haut régime.;Calibration projet;66
MechanicalLosses.js;PEAK_PRESSURE_FRICTION_FACTOR;0.0035;Calibration pertes;Loi FMEP/accessoires;Faible à moyenne;Coefficients effectifs de pertes mécaniques non identifiés sur banc réel. Commentaire code : Une pression de combustion plus élevée augmente les efforts sur les segments, la jupe et les paliers. Le coefficient multiplie la pression pic MANOMÉTRIQUE moyenne du dernier cycle complet.;Calibration projet;71
MechanicalLosses.js;MINIMUM_FMEP;15000;Garde numérique;Borne de sûreté numérique;Haute (comme garde);"Évite états non physiques ou instabilités numériques ; ne doit pas être interprétée comme mesure réelle. Commentaire code : Bornes purement numériques. Elles empêchent une mauvaise initialisation de pression ou un RPM extrême de produire un couple de frottement aberrant.";Choix numérique projet;75
MechanicalLosses.js;MAXIMUM_FMEP;350000;Garde numérique;Borne de sûreté numérique;Haute (comme garde);"Évite états non physiques ou instabilités numériques ; ne doit pas être interprétée comme mesure réelle.";Choix numérique projet;76
MechanicalLosses.js;ACCESSORY_CONSTANT_TORQUE;1.5;Calibration pertes;Loi FMEP/accessoires;Faible à moyenne;Coefficients effectifs de pertes mécaniques non identifiés sur banc réel. Commentaire code : Les pompes à huile/eau, l'alternateur et la distribution prélèvent une petite part de couple qui n'est pas directement représentée par la pression cylindre. On utilise ici un terme constant + un terme croissant avec la vitesse.;Calibration projet;85
MechanicalLosses.js;ACCESSORY_VISCOUS_COEFFICIENT;0.0030;Calibration pertes;Loi FMEP/accessoires;Faible à moyenne;Coefficients effectifs de pertes mécaniques non identifiés sur banc réel.;Calibration projet;86
MechanicalLosses.js;FUEL_CUT_THROTTLE_ON;0.020;Calibration pertes;Loi FMEP/accessoires;Faible à moyenne;Coefficients effectifs de pertes mécaniques non identifiés sur banc réel. Commentaire code : L'hystérésis évite que l'état commute à chaque pas autour d'un seuil.;Calibration projet;97
MechanicalLosses.js;FUEL_CUT_THROTTLE_OFF;0.040;Calibration pertes;Loi FMEP/accessoires;Faible à moyenne;Coefficients effectifs de pertes mécaniques non identifiés sur banc réel.;Calibration projet;98
MechanicalLosses.js;FUEL_CUT_RPM_ON;1700;Calibration pertes;Loi FMEP/accessoires;Faible à moyenne;Coefficients effectifs de pertes mécaniques non identifiés sur banc réel.;Calibration projet;99
MechanicalLosses.js;FUEL_CUT_RPM_OFF;1200;Calibration pertes;Loi FMEP/accessoires;Faible à moyenne;Coefficients effectifs de pertes mécaniques non identifiés sur banc réel.;Calibration projet;100
Crankshaft.js;CRANKCASE_PRESSURE;101325;Condition de référence;Carter ventilé supposé à 101 325 Pa;Moyenne à haute;Hypothèse de carter à pression atmosphérique pour convertir pression cylindre en force nette. Commentaire code : Pression présente sous les pistons. Le carter est supposé ventilé à l'atmosphère. La force utile est donc calculée avec la pression manométrique.;Hypothèse de simulation;28
Crankshaft.js;TORQUE_DISPLAY_SMOOTHING_TAU;0.080;Instrumentation;Lissage d’affichage 80 ms;Haute comme choix logiciel;"Affecte uniquement les valeurs affichées et non la dynamique physique du moteur/banc. Commentaire code : La combustion produit un couple très pulsé. Ces valeurs lissées servent uniquement à l'interface ; ni la thermodynamique ni la dynamique du banc ne les utilisent pour faire accélérer le moteur.";Instrumentation projet;37
Crankshaft.js;FOUR_STROKE_CYCLE_ANGLE;4 * Math.PI;Dérivée;Cycle quatre temps = 4π rad;Haute;Identité cinématique du cycle 720°.;Définition mathématique;39
Crankshaft.js;TOTAL_DISPLACEMENT;SWEPT_VOLUME * CYLINDER_OFFSETS.length;Dérivée;Calculée à partir d’autres paramètres;Haute si les entrées sont correctes;Cette constante est une conséquence algébrique d’autres valeurs du modèle.;Dérivation code;40
Fuel.js;FUEL_DENSITY_KG_PER_L;0.745;Constante physique générique;Densité de travail essence : 0,745 kg/L;Moyenne;"Valeur générique utilisée uniquement pour convertir masse carburant en litres ; dépend du carburant et de la température.";Hypothèse carburant générique;10
Fuel.js;SMOOTHING_TAU;0.05;Instrumentation;Lissage débit carburant 50 ms;Haute comme choix logiciel;"Filtre d’affichage de la consommation instantanée ; n’altère pas la masse injectée. Commentaire code : La combustion est pulsée cylindre par cylindre. Un affichage direct serait à zéro pendant une grande partie du cycle puis présenterait des pics très élevés. Une moyenne exponentielle courte reproduit le comportement d'un instrument.";Instrumentation projet;15
EngineControl.js;ENGINE_OPERATING_STATES;"Object.freeze({ OFF: ""off"", CRANKING: ""cranking"", RUNNING: ""running"", STOPPING: ""stopping"", STALLED: ""stalled"" })";Commande / garde;Logique du contrôleur;Moyenne;Paramètre de gestion moteur simplifiée.;Projet;21
EngineControl.js;IDLE_TARGET_RPM;900;Commande moteur calibrée;Consigne logique du contrôleur;Moyenne;Valeur de commande choisie pour reproduire qualitativement ralenti/rupteur. Commentaire code : Cible de ralenti à chaud. Cette valeur est une calibration de travail pour l'expérience interactive, et non une donnée constructeur certifiée.;Calibration projet;35
EngineControl.js;IDLE_CONTROL_THROTTLE_ENABLE;0.035;Commande / calibration;Paramètre du contrôleur simplifié;Moyenne;"Gain, seuil ou constante de temps du contrôle moteur ; pas une cartographie ECU Toyota. Commentaire code : Le correcteur de ralenti n'agit que lorsque le conducteur ne demande presque aucun couple. L'hystérésis évite des commutations rapides près du seuil.";Calibration projet;39
EngineControl.js;IDLE_CONTROL_THROTTLE_DISABLE;0.070;Commande / calibration;Paramètre du contrôleur simplifié;Moyenne;"Gain, seuil ou constante de temps du contrôle moteur ; pas une cartographie ECU Toyota.";Calibration projet;40
EngineControl.js;IDLE_AIR_FEED_FORWARD;0.24;Commande / calibration;Paramètre du contrôleur simplifié;Moyenne;"Gain, seuil ou constante de temps du contrôle moteur ; pas une cartographie ECU Toyota. Commentaire code : Commande de base du passage d'air de ralenti. Le correcteur PI ajoute ou retire de l'air autour de cette valeur.";Calibration projet;44
EngineControl.js;IDLE_AIR_KP;0.00150;Commande / calibration;Paramètre du contrôleur simplifié;Moyenne;"Gain, seuil ou constante de temps du contrôle moteur ; pas une cartographie ECU Toyota. Commentaire code : Gains du correcteur PI. La sortie commande une aire physique dans IntakeManifold.js, elle ne modifie jamais directement le RPM.";Calibration projet;48
EngineControl.js;IDLE_AIR_KI;0.00018;Commande / calibration;Paramètre du contrôleur simplifié;Moyenne;"Gain, seuil ou constante de temps du contrôle moteur ; pas une cartographie ECU Toyota.";Calibration projet;49
EngineControl.js;IDLE_AIR_KD;0.00100;Commande / calibration;Paramètre du contrôleur simplifié;Moyenne;"Gain, seuil ou constante de temps du contrôle moteur ; pas une cartographie ECU Toyota.";Calibration projet;50
EngineControl.js;IDLE_AIR_INTEGRAL_MIN;-0.30;Commande / calibration;Paramètre du contrôleur simplifié;Moyenne;"Gain, seuil ou constante de temps du contrôle moteur ; pas une cartographie ECU Toyota.";Calibration projet;52
EngineControl.js;IDLE_AIR_INTEGRAL_MAX;0.65;Commande / calibration;Paramètre du contrôleur simplifié;Moyenne;"Gain, seuil ou constante de temps du contrôle moteur ; pas une cartographie ECU Toyota.";Calibration projet;53
EngineControl.js;CRANKING_IDLE_AIR_COMMAND;0.62;Commande / calibration;Paramètre du contrôleur simplifié;Moyenne;"Gain, seuil ou constante de temps du contrôle moteur ; pas une cartographie ECU Toyota. Commentaire code : Pendant le lancement, une ouverture supplémentaire facilite le remplissage à très faible régime, comme le ferait un actuateur de ralenti de démarrage.";Calibration projet;57
EngineControl.js;IDLE_AIR_ACTUATOR_TIME_CONSTANT;0.080;Commande / calibration;Paramètre du contrôleur simplifié;Moyenne;"Gain, seuil ou constante de temps du contrôle moteur ; pas une cartographie ECU Toyota. Commentaire code : Après le démarrage, la commande de ralenti ne saute pas instantanément de sa valeur de lancement à sa valeur régulée.";Calibration projet;61
EngineControl.js;STARTER_STALL_TORQUE;150;Commande / calibration;Paramètre du contrôleur simplifié;Moyenne;"Gain, seuil ou constante de temps du contrôle moteur ; pas une cartographie ECU Toyota. Commentaire code : Couple maximal ramené au vilebrequin après le réducteur du démarreur. La valeur diminue avec le régime jusqu'à la vitesse à vide.";Calibration projet;69
EngineControl.js;STARTER_NO_LOAD_RPM;480;Commande / calibration;Paramètre du contrôleur simplifié;Moyenne;"Gain, seuil ou constante de temps du contrôle moteur ; pas une cartographie ECU Toyota.";Calibration projet;70
EngineControl.js;STARTER_ENGAGEMENT_TIME_CONSTANT;0.035;Commande / calibration;Paramètre du contrôleur simplifié;Moyenne;"Gain, seuil ou constante de temps du contrôle moteur ; pas une cartographie ECU Toyota. Commentaire code : Temps d'engagement électrique/mécanique du solénoïde et du pignon.";Calibration projet;73
EngineControl.js;STARTER_RELEASE_TIME_CONSTANT;0.020;Commande / calibration;Paramètre du contrôleur simplifié;Moyenne;"Gain, seuil ou constante de temps du contrôle moteur ; pas une cartographie ECU Toyota.";Calibration projet;74
EngineControl.js;STARTER_TORQUE_RIPPLE;0.12;Commande / calibration;Paramètre du contrôleur simplifié;Moyenne;"Gain, seuil ou constante de temps du contrôle moteur ; pas une cartographie ECU Toyota. Commentaire code : Petite ondulation du couple. Les à-coups visibles viennent surtout des phases de compression des quatre cylindres ; cette modulation ajoute le caractère électromécanique du démarreur sans devenir caricaturale.";Calibration projet;79
EngineControl.js;CRANK_REVOLUTIONS_BEFORE_COMBUSTION;3.25;Commande / garde;Logique du contrôleur;Moyenne;Paramètre de gestion moteur simplifiée. Commentaire code : La combustion est autorisée seulement après plusieurs tours complets. On voit ainsi réellement le moteur être entraîné avant les premières explosions.;Projet;83
EngineControl.js;MAXIMUM_CRANKING_TIME;5.0;Garde numérique;Borne de sûreté numérique;Haute (comme garde);"Évite états non physiques ou instabilités numériques ; ne doit pas être interprétée comme mesure réelle. Commentaire code : Sécurités de séquence.";Choix numérique projet;86
EngineControl.js;MINIMUM_CRANKING_RPM_FOR_COMBUSTION;120;Garde numérique;Borne de sûreté numérique;Haute (comme garde);"Évite états non physiques ou instabilités numériques ; ne doit pas être interprétée comme mesure réelle.";Choix numérique projet;87
EngineControl.js;RUNNING_DETECTION_RPM;230;Commande / garde;Logique du contrôleur;Moyenne;Paramètre de gestion moteur simplifiée.;Projet;88
EngineControl.js;CRANKING_AFR;12.8;Commande / calibration;Paramètre du contrôleur simplifié;Moyenne;"Gain, seuil ou constante de temps du contrôle moteur ; pas une cartographie ECU Toyota. Commentaire code : Mélange légèrement enrichi pendant le lancement, puis retour progressif à la richesse normale. Le modèle ne traite pas encore le film de carburant.";Calibration projet;92
EngineControl.js;NORMAL_AFR;14.7;Commande / garde;Logique du contrôleur;Moyenne;Paramètre de gestion moteur simplifiée.;Projet;93
EngineControl.js;BOOST_ENRICHMENT_START_PRESSURE;15000;Commande / garde;Logique du contrôleur;Moyenne;Paramètre de gestion moteur simplifiée. Commentaire code : Sous suralimentation, la masse de carburant reste calculée depuis la masse d'air réellement piégée. Cette loi ne crée donc pas de couple par cartographie : elle commande seulement une richesse plus sûre lorsque la pression augmente.;Projet;98
EngineControl.js;BOOST_ENRICHMENT_FULL_PRESSURE;70000;Commande / garde;Logique du contrôleur;Moyenne;Paramètre de gestion moteur simplifiée.;Projet;99
EngineControl.js;FULL_BOOST_AFR;11.8;Commande / garde;Logique du contrôleur;Moyenne;Paramètre de gestion moteur simplifiée.;Projet;100
EngineControl.js;AFR_TRANSITION_TIME_CONSTANT;0.20;Commande / calibration;Paramètre du contrôleur simplifié;Moyenne;"Gain, seuil ou constante de temps du contrôle moteur ; pas une cartographie ECU Toyota.";Calibration projet;101
EngineControl.js;CRANKING_IGNITION_TIMING_DEG;5;Commande / calibration;Paramètre du contrôleur simplifié;Moyenne;"Gain, seuil ou constante de temps du contrôle moteur ; pas une cartographie ECU Toyota. Commentaire code : Avance réduite pendant le lancement pour limiter le risque de retour contre le démarreur. Thermodynamics.js utilise directement cette valeur.";Calibration projet;105
EngineControl.js;RUNNING_IGNITION_TIMING_DEG;15;Commande / calibration;Paramètre du contrôleur simplifié;Moyenne;"Gain, seuil ou constante de temps du contrôle moteur ; pas une cartographie ECU Toyota.";Calibration projet;106
EngineControl.js;BOOST_IGNITION_RETARD_DEG_PER_BAR;5.0;Commande / calibration;Paramètre du contrôleur simplifié;Moyenne;"Gain, seuil ou constante de temps du contrôle moteur ; pas une cartographie ECU Toyota. Commentaire code : Retard analytique sous boost. Il protège le modèle des pressions de pointe excessives sans imposer une courbe de puissance. La combustion continue à dépendre de la masse, de la loi de Wiebe et du cycle P-V.";Calibration projet;111
EngineControl.js;MAXIMUM_BOOST_IGNITION_RETARD_DEG;6.0;Garde numérique;Borne de sûreté numérique;Haute (comme garde);"Évite états non physiques ou instabilités numériques ; ne doit pas être interprétée comme mesure réelle.";Choix numérique projet;112
EngineControl.js;HIGH_SPEED_IGNITION_ADVANCE_START_RPM;3500;Commande / calibration;Paramètre du contrôleur simplifié;Moyenne;"Gain, seuil ou constante de temps du contrôle moteur ; pas une cartographie ECU Toyota. Commentaire code : À haut régime, le temps disponible par cycle diminue. Une petite avance analytique supplémentaire maintient le centre de combustion proche de son angle thermodynamiquement favorable, sans imposer une cartographie de couple.";Calibration projet;117
EngineControl.js;HIGH_SPEED_IGNITION_ADVANCE_FULL_RPM;6500;Commande / calibration;Paramètre du contrôleur simplifié;Moyenne;"Gain, seuil ou constante de temps du contrôle moteur ; pas une cartographie ECU Toyota.";Calibration projet;118
EngineControl.js;HIGH_SPEED_IGNITION_ADVANCE_MAX_DEG;3.0;Commande / calibration;Paramètre du contrôleur simplifié;Moyenne;"Gain, seuil ou constante de temps du contrôle moteur ; pas une cartographie ECU Toyota.";Calibration projet;119
EngineControl.js;TARGET_COMBUSTION_CA50_DEG_AFTER_TDC;9.5;Commande / calibration;Paramètre du contrôleur simplifié;Moyenne;"Gain, seuil ou constante de temps du contrôle moteur ; pas une cartographie ECU Toyota. Commentaire code : Le calcul brut ne doit pas avancer la combustion au-delà du phasage MBT recherché lorsque le boost diminue à haut régime. Sans cette limite, la baisse de retard sous boost avançait artificiellement le CA50 après 6000 tr/min.";Calibration projet;124
EngineControl.js;STALL_DETECTION_RPM;350;Commande / garde;Logique du contrôleur;Moyenne;Paramètre de gestion moteur simplifiée. Commentaire code : Un bref passage sous le seuil ne suffit pas à déclarer un calage : les quatre cylindres produisent naturellement un régime instantané légèrement irrégulier.;Projet;132
EngineControl.js;STALL_DETECTION_DELAY;0.32;Commande / garde;Logique du contrôleur;Moyenne;Paramètre de gestion moteur simplifiée.;Projet;133
EngineControl.js;STOPPED_RPM;12;Commande / garde;Logique du contrôleur;Moyenne;Paramètre de gestion moteur simplifiée. Commentaire code : Sous cette vitesse, le moteur est considéré mécaniquement arrêté.;Projet;136
EngineControl.js;REV_LIMITER_CUT_RPM;7000;Commande moteur calibrée;Consigne logique du contrôleur;Moyenne;"Valeur de commande choisie pour reproduire qualitativement ralenti/rupteur. Commentaire code : Hystérésis demandée : coupure vers 7000 tr/min, reprise vers 6800 tr/min. Le 3S-GTE d'origine possède un papillon mécanique ; un rupteur crédible coupe donc ici le carburant/la combustion, pas physiquement le papillon.";Calibration projet;145
EngineControl.js;REV_LIMITER_RESUME_RPM;6800;Commande moteur calibrée;Consigne logique du contrôleur;Moyenne;Valeur de commande choisie pour reproduire qualitativement ralenti/rupteur.;Calibration projet;146
Dyno.js;DYNO_MODES;"Object.freeze({ INERTIA: ""inertia"", BRAKED: ""braked"", RPM_HOLD: ""rpmHold"" })";Infrastructure banc;Enumération des modes inertie / freiné / maintien RPM;Haute;Configuration logicielle, pas une propriété moteur.;Logiciel projet;19
Dyno.js;DYNO_GEAR_RATIO;0.972;Calibration banc;Rapport de travail proche de 1:1;Moyenne;Le code indique explicitement qu’il s’agit d’une calibration initiale et non d’une donnée Toyota certifiée. Commentaire code : Pour un banc à rouleaux, on choisit généralement un rapport proche de 1:1 afin de limiter les pertes et les vitesses internes de boîte.;Calibration projet;42
Dyno.js;FINAL_DRIVE_RATIO;4.285;Calibration banc;Rapport de travail 4,285;Moyenne;Valeur plausible/public, mais le module ne la revendique pas comme donnée Toyota certifiée.;Calibration projet / documentation secondaire à consolider;43
Dyno.js;OVERALL_DRIVE_RATIO;DYNO_GEAR_RATIO * FINAL_DRIVE_RATIO;Dérivée;Calculée à partir d’autres paramètres;Haute si les entrées sont correctes;Cette constante est une conséquence algébrique d’autres valeurs du modèle.;Dérivation code;44
Dyno.js;WHEEL_RADIUS;0.300;Estimation géométrique véhicule;Rayon dynamique de roue 0,300 m;Moyenne;"Rayon équivalent sous charge utilisé pour la cinématique virtuelle ; non revendiqué comme mesure ST205 précise. Commentaire code : Rayon dynamique du pneu sous charge. Il sert à convertir la vitesse angulaire de la roue en vitesse linéaire virtuelle de la voiture.";Estimation projet;48
Dyno.js;ROLLER_RADIUS;0.318;Définition banc;Rayon rouleau 0,318 m;Haute comme définition du banc virtuel;"Géométrie du banc simulé, librement choisie ; sans lien constructeur Toyota. Commentaire code : Rayon du rouleau du banc.";Définition banc projet;51
Dyno.js;ROLLER_TO_ENGINE_SPEED_RATIO;WHEEL_RADIUS / (ROLLER_RADIUS * OVERALL_DRIVE_RATIO);Dérivée;Calculée à partir d’autres paramètres;Haute si les entrées sont correctes;Cette constante est une conséquence algébrique d’autres valeurs du modèle.;Dérivation code;58
Dyno.js;ENGINE_ROTATING_INERTIA;0.150;Estimation / calibration banc;Inertie tournante moteur équivalente;Faible à moyenne;"Agrège vilebrequin, volant, embrayage et masses alternatives ; non mesurée sur le 3S-GTE du projet. Commentaire code : Ensemble tournant directement lié au vilebrequin : vilebrequin, volant moteur, embrayage et part équivalente des bielles/pistons.";Estimation/calibration projet;67
Dyno.js;GEARBOX_INPUT_INERTIA;0.018;Estimation / calibration banc;Inertie arbre entrée boîte;Faible à moyenne;Valeur lumped de la chaîne cinématique. Commentaire code : Inertie des arbres situés avant le rapport de boîte, donc déjà exprimée côté moteur et ajoutée directement.;Estimation/calibration projet;71
Dyno.js;DRIVELINE_OUTPUT_INERTIA;0.120;Estimation / calibration banc;Inertie transmission aval;Faible à moyenne;Valeur lumped côté roues. Commentaire code : Inertie des arbres après la réduction : arbre de sortie, transmission et pont. Elle doit être divisée par le carré du rapport global pour être ramenée au vilebrequin.;Estimation/calibration projet;76
Dyno.js;TOTAL_WHEEL_INERTIA;4.60;Estimation / calibration banc;Inertie équivalente des quatre roues/pneus;Faible à moyenne;Ordre de grandeur de travail, non issu d’une mesure du véhicule. Commentaire code : Inertie totale des quatre roues et pneus autour de leur axe. L'ordre de grandeur choisi correspond à environ 1.15 kg.m² par roue.;Estimation/calibration projet;80
Dyno.js;ROLLER_COUNT;2;Définition banc;Deux rouleaux principaux;Haute comme définition;Architecture choisie du banc virtuel. Commentaire code : Banc à deux rouleaux principaux. Chaque rouleau est assimilé à un cylindre plein : J = 1/2 * masse * rayon².;Définition banc projet;88
Dyno.js;SINGLE_ROLLER_MASS;350;Définition banc;Masse d’un rouleau : 350 kg;Haute comme définition;Paramètre du banc virtuel, pas du moteur.;Définition banc projet;89
Dyno.js;SOLID_CYLINDER_INERTIA_FACTOR;0.5;Constante mathématique;Facteur 1/2 pour un cylindre plein;Haute;Provient de J = 1/2 m r².;Mécanique classique;90
Dyno.js;PHYSICAL_ROLLER_INERTIA;ROLLER_COUNT * SOLID_CYLINDER_INERTIA_FACTOR * SINGLE_ROLLER_MASS * ROLLER_RADIUS * ROLLER_RADIUS;Dérivée;Calcul de l’inertie des rouleaux;Haute si géométrie du banc correcte;Dérivée de leur nombre, masse, rayon et du facteur de cylindre plein.;Dérivation code;92
Dyno.js;TARGET_EQUIVALENT_VEHICLE_MASS;1390;Public / calibration banc;Masse cible 1 390 kg;Moyenne;"Masse de travail utilisée pour l’inertie virtuelle ; les variantes ST205 publiques diffèrent légèrement selon année/grade. Commentaire code : Un banc moderne peut ajouter électroniquement une inertie virtuelle pour que la montée en vitesse corresponde à une masse véhicule donnée. Ici, la cible est la masse de travail de la Celica. Cette masse n'est pas ajoutée en plus de l'inertie des rouleaux : …";Toyota public, dépend de la variante;102
Dyno.js;PHYSICAL_ROLLER_EQUIVALENT_MASS;PHYSICAL_ROLLER_INERTIA / (ROLLER_RADIUS * ROLLER_RADIUS);Dérivée;Calculée à partir d’autres paramètres;Haute si les entrées sont correctes;Cette constante est une conséquence algébrique d’autres valeurs du modèle.;Dérivation code;108
Dyno.js;VIRTUAL_ADDED_MASS;Math.max( TARGET_EQUIVALENT_VEHICLE_MASS - PHYSICAL_ROLLER_EQUIVALENT_MASS, 0 );Dérivée;Complément de masse virtuelle;Haute si entrées correctes;Différence entre masse équivalente cible et masse déjà représentée par les rouleaux.;Dérivation code;111
Dyno.js;VIRTUAL_ROLLER_INERTIA;VIRTUAL_ADDED_MASS * ROLLER_RADIUS * ROLLER_RADIUS;Dérivée;Inertie virtuelle ajoutée;Haute si entrées correctes;Conversion de la masse virtuelle en inertie au rouleau.;Dérivation code;116
Dyno.js;TOTAL_ROLLER_INERTIA;PHYSICAL_ROLLER_INERTIA + VIRTUAL_ROLLER_INERTIA;Dérivée;Calculée à partir d’autres paramètres;Haute si les entrées sont correctes;Cette constante est une conséquence algébrique d’autres valeurs du modèle.;Dérivation code;120
Dyno.js;OUTPUT_DRIVELINE_INERTIA_AT_CRANK;( DRIVELINE_OUTPUT_INERTIA + TOTAL_WHEEL_INERTIA ) / Math.pow(OVERALL_DRIVE_RATIO, 2);Dérivée;Calculée à partir d’autres paramètres;Haute si les entrées sont correctes;Cette constante est une conséquence algébrique d’autres valeurs du modèle.;Dérivation code;132
Dyno.js;ROLLER_INERTIA_AT_CRANK;TOTAL_ROLLER_INERTIA * Math.pow(ROLLER_TO_ENGINE_SPEED_RATIO, 2);Dérivée;Calculée à partir d’autres paramètres;Haute si les entrées sont correctes;Cette constante est une conséquence algébrique d’autres valeurs du modèle.;Dérivation code;136
Dyno.js;TOTAL_EQUIVALENT_INERTIA;ENGINE_ROTATING_INERTIA + GEARBOX_INPUT_INERTIA + OUTPUT_DRIVELINE_INERTIA_AT_CRANK + ROLLER_INERTIA_AT_CRANK;Dérivée;Calculée à partir d’autres paramètres;Haute si les entrées sont correctes;Cette constante est une conséquence algébrique d’autres valeurs du modèle.;Dérivation code;139
Dyno.js;DISCONNECTED_INERTIA;ENGINE_ROTATING_INERTIA + GEARBOX_INPUT_INERTIA;Dérivée;Inertie moteur + entrée boîte au démarrage;Haute si entrées correctes;Somme des inerties restant couplées embrayage ouvert. Commentaire code : Pendant le démarrage, le moteur est assimilé à un véhicule démarré embrayage débrayé : le démarreur n'entraîne que le moteur et l'arbre d'entrée de boîte. Après la prise d'autonomie, la transmission et les rouleaux sont raccordés progressivement. Ce facteur…;Dérivation code;149
Dyno.js;CLUTCH_ENGAGEMENT_TIME_CONSTANT;0.90;Calibration banc;Paramètre de banc/chaîne cinématique;Moyenne;Valeur de travail pour obtenir un banc inertiel/freiné crédible, non revendiquée constructeur.;Calibration projet;151
Dyno.js;CLUTCH_RELEASE_TIME_CONSTANT;0.080;Calibration banc;Paramètre de banc/chaîne cinématique;Moyenne;Valeur de travail pour obtenir un banc inertiel/freiné crédible, non revendiquée constructeur.;Calibration projet;152
Dyno.js;DRIVELINE_CONSTANT_LOSS_TORQUE;2.0;Calibration banc;Paramètre de banc/chaîne cinématique;Moyenne;Valeur de travail pour obtenir un banc inertiel/freiné crédible, non revendiquée constructeur. Commentaire code : Aucun rendement constant n'est appliqué directement au couple, car cela peut devenir ambigu lors du frein moteur. On retire plutôt un couple résistant qui s'oppose toujours au mouvement.;Calibration projet;165
Dyno.js;DRIVELINE_VISCOUS_LOSS;0.0040;Calibration banc;Paramètre de banc/chaîne cinématique;Moyenne;Valeur de travail pour obtenir un banc inertiel/freiné crédible, non revendiquée constructeur.;Calibration projet;166
Dyno.js;DRIVELINE_LOAD_LOSS_FACTOR;0.045;Calibration banc;Paramètre de banc/chaîne cinématique;Moyenne;Valeur de travail pour obtenir un banc inertiel/freiné crédible, non revendiquée constructeur.;Calibration projet;167
Dyno.js;MAX_ROLLER_BRAKE_TORQUE;2500;Définition / capacité banc;Couple maximum du frein virtuel : 2 500 N·m;Haute comme choix de banc;Capacité choisie du frein du banc, pas une limite du moteur. Commentaire code : Couple maximal directement appliqué sur l'axe des rouleaux. Une fois ramené au vilebrequin, il permet de charger largement le moteur atmosphérique actuel et le futur moteur turbocompressé.;Définition banc projet;176
Dyno.js;BRAKE_ACTUATOR_TIME_CONSTANT;0.060;Calibration banc;Paramètre de banc/chaîne cinématique;Moyenne;Valeur de travail pour obtenir un banc inertiel/freiné crédible, non revendiquée constructeur. Commentaire code : Le frein ne passe pas instantanément de 0 à 100 %. Cette constante de temps reproduit l'inertie électromagnétique/hydraulique et stabilise l'intégration.;Calibration projet;180
Dyno.js;RPM_HOLD_KP;0.0014;Calibration banc;Paramètre de banc/chaîne cinématique;Moyenne;Valeur de travail pour obtenir un banc inertiel/freiné crédible, non revendiquée constructeur. Commentaire code : Correcteur PI du mode maintien de régime. La sortie est une commande normalisée entre 0 et 1.;Calibration projet;184
Dyno.js;RPM_HOLD_KI;0.00045;Calibration banc;Paramètre de banc/chaîne cinématique;Moyenne;Valeur de travail pour obtenir un banc inertiel/freiné crédible, non revendiquée constructeur.;Calibration projet;185
Dyno.js;RPM_HOLD_INTEGRAL_MIN;0;Commande banc / saturation;Borne basse intégrateur PI;Haute comme choix de contrôle;Empêche une commande de frein négative.;Contrôle banc projet;186
Dyno.js;RPM_HOLD_INTEGRAL_MAX;1;Commande banc / saturation;Borne haute intégrateur PI;Haute comme choix de contrôle;Borne la commande du frein à sa plage normalisée.;Contrôle banc projet;187
Dyno.js;COASTDOWN_THROTTLE_FULL_BRAKE;0.015;Calibration banc;Paramètre de banc/chaîne cinématique;Moyenne;Valeur de travail pour obtenir un banc inertiel/freiné crédible, non revendiquée constructeur. Commentaire code : Il est actif uniquement en mode INERTIA, lorsque le conducteur a relâché le papillon. La montée en régime à pleine charge reste ainsi strictement inchangée.;Calibration projet;201
Dyno.js;COASTDOWN_THROTTLE_RELEASE;0.060;Calibration banc;Paramètre de banc/chaîne cinématique;Moyenne;Valeur de travail pour obtenir un banc inertiel/freiné crédible, non revendiquée constructeur.;Calibration projet;202
Dyno.js;COASTDOWN_MIN_RPM;1100;Garde / banc;Borne du banc;Haute (comme choix);Limite ou protection du modèle de banc. Commentaire code : Sous ce régime, le frein automatique disparaît progressivement pour ne pas lutter contre la régulation de ralenti et ne pas provoquer un calage absurde.;Choix projet;206
Dyno.js;COASTDOWN_FULL_RPM;5000;Calibration banc;Paramètre de banc/chaîne cinématique;Moyenne;Valeur de travail pour obtenir un banc inertiel/freiné crédible, non revendiquée constructeur.;Calibration projet;207
Dyno.js;COASTDOWN_MIN_CRANK_TORQUE;35;Calibration banc;Frein automatique minimal au retour;Moyenne;"Couple additionnel du banc pendant le coastdown ; explicitement externe au moteur. Commentaire code : Pour un retour encore plus rapide, augmente COASTDOWN_MAX_CRANK_TORQUE vers 130 à 150 N.m. Pour un comportement plus doux, réduis-le vers 70 à 90 N.m.";Calibration banc projet;215
Dyno.js;COASTDOWN_MAX_CRANK_TORQUE;105;Calibration banc;Frein automatique maximal au retour;Moyenne;"Couple additionnel du banc pendant le coastdown ; explicitement externe au moteur.";Calibration banc projet;216
Dyno.js;ROAD_LOAD_VEHICLE_MASS;1390;Public / calibration véhicule;Masse de travail 1 390 kg;Moyenne à haute;"Masse utilisée uniquement lorsque la charge routière virtuelle est activée ; correspond à une variante ST205 officielle de 1997. Commentaire code : Le banc inertiel pur ne doit pas recevoir automatiquement ces pertes. Elles peuvent être activées avec state.dynoRoadLoadEnabled pour simuler un essai de roulage plutôt qu'un tir de puissance classique.";Toyota ST205 1997, fiche officielle;225
Dyno.js;ROLLING_RESISTANCE_COEFFICIENT;0.015;Estimation / calibration véhicule;Coefficient de roulement 0,015;Moyenne;Valeur générique de pneumatique/route, non mesurée sur la ST205 du projet.;Hypothèse routière générique;226
Dyno.js;GRAVITY;9.81;Constante physique générique;Accélération gravitationnelle 9,81 m/s²;Haute;Constante physique arrondie utilisée dans la charge de roulement.;Valeur physique standard;227
Dyno.js;AIR_DENSITY;1.225;Condition de référence;Densité d’air 1,225 kg/m³;Moyenne à haute;Valeur atmosphérique standard approximative pour la traînée virtuelle.;Condition ambiante générique;228
Dyno.js;DRAG_AREA;0.60;Estimation / calibration véhicule;CdA équivalent 0,60 m²;Faible à moyenne;"Produit coefficient de traînée × surface frontale choisi pour la charge routière optionnelle ; non mesuré dans le projet.";Estimation/calibration projet;229
CrankAngleIntegrator.js;BASE_CRANK_ANGLE_STEP_DEG;0.50;Méthode numérique;Choix de résolution;Haute (comme choix numérique);"Pas nominal général du solveur ; sa pertinence est vérifiée par convergence. Commentaire code : À 6000 tr/min, 0.5° correspond à environ 13.9 microsecondes.";Protocole numérique projet;41
CrankAngleIntegrator.js;COMBUSTION_CRANK_ANGLE_STEP_DEG;0.35;Méthode numérique;Choix de résolution;Haute (comme choix numérique);Pas raffiné dans la combustion. Commentaire code : La combustion est la partie la plus raide du cycle. Un pas de 0.35° donne environ 9.7 microsecondes à 6000 tr/min, soit pratiquement la résolution de référence dt = 0.00001 s évoquée pendant les essais de convergence.;Protocole numérique projet;46
CrankAngleIntegrator.js;EVENT_CRANK_ANGLE_STEP_DEG;0.20;Méthode numérique;Choix de résolution;Haute (comme choix numérique);Pas raffiné autour des événements de soupapes/combustion. Commentaire code : Autour d'un front d'ouverture/fermeture, le solveur raffine localement le pas afin que la levée et le débit partent de zéro de manière progressive.;Protocole numérique projet;50
CrankAngleIntegrator.js;EVENT_REFINEMENT_HALF_WIDTH_DEG;1.0;Méthode numérique;Résolution ou événement solveur;Haute (comme choix numérique);Paramètre numérique vérifié par tests de convergence et d’événements. Commentaire code : Largeur de la zone raffinée de part et d'autre d'un événement angulaire.;Protocole numérique projet;53
CrankAngleIntegrator.js;MAX_INTERNAL_TIME_STEP;0.0001;Méthode numérique;Limite temporelle 0,1 ms;Haute (comme choix numérique);Borne le pas interne indépendamment du régime. Commentaire code : Durée maximale d'un sous-pas, même lorsque le moteur tourne lentement. Elle préserve le comportement du démarreur, du turbo et des régulateurs au niveau de stabilité déjà validé avec l'ancien dt de 0.1 ms.;Protocole numérique projet;58
CrankAngleIntegrator.js;MIN_INTERNAL_TIME_STEP;1e-9;Garde numérique;Borne de sûreté numérique;Haute (comme garde);"Évite états non physiques ou instabilités numériques ; ne doit pas être interprétée comme mesure réelle. Commentaire code : Durée minimale uniquement destinée à éviter une boucle bloquée par les erreurs d'arrondi lorsque le solveur atterrit exactement sur un événement.";Choix numérique projet;62
CrankAngleIntegrator.js;FULL_ENGINE_CYCLE_DEG;720;Méthode numérique;Résolution ou événement solveur;Haute (comme choix numérique);Paramètre numérique vérifié par tests de convergence et d’événements. Commentaire code : La durée de combustion n'est volontairement PAS dupliquée ici. Le solveur utilise exactement la même loi dépendante du régime que Thermodynamics.js afin que l'événement de fin de combustion soit identique à celui utilisé par la loi de Wiebe.;Protocole numérique projet;69
CrankAngleIntegrator.js;TWO_PI;2 * Math.PI;Dérivée;Calculée à partir d’autres paramètres;Haute si les entrées sont correctes;Cette constante est une conséquence algébrique d’autres valeurs du modèle.;Dérivation code;70
CrankAngleIntegrator.js;FOUR_PI;4 * Math.PI;Dérivée;Calculée à partir d’autres paramètres;Haute si les entrées sont correctes;Cette constante est une conséquence algébrique d’autres valeurs du modèle.;Dérivation code;71
CrankAngleIntegrator.js;EVENT_DISTANCE_EPSILON_DEG;1e-7;Garde numérique;Borne de sûreté numérique;Haute (comme garde);"Évite états non physiques ou instabilités numériques ; ne doit pas être interprétée comme mesure réelle.";Choix numérique projet;72
CrankAngleIntegrator.js;MINIMUM_RESOLUTION_SCALE;0.25;Garde numérique;Borne de sûreté numérique;Haute (comme garde);"Évite états non physiques ou instabilités numériques ; ne doit pas être interprétée comme mesure réelle. Commentaire code : Facteur de résolution optionnel défini par Engine.setAngleResolution(). 1 correspond au solveur nominal : 0,50° / 0,35° / 0,20°. Le protocole de convergence utilise notamment 2,0 ; 1,0 ; 0,5 pour comparer des pas généraux de 1,00° ; 0,50° ; 0,25°.";Choix numérique projet;78
CrankAngleIntegrator.js;MAXIMUM_RESOLUTION_SCALE;4.0;Garde numérique;Borne de sûreté numérique;Haute (comme garde);"Évite états non physiques ou instabilités numériques ; ne doit pas être interprétée comme mesure réelle.";Choix numérique projet;79
ConservationDiagnostics.js;CYLINDER_COUNT;4;Architecture;Taille du système diagnostiqué;Haute;Doit rester cohérent avec l’architecture moteur actuelle.;Architecture projet;16
ConservationDiagnostics.js;EXHAUST_SCROLL_COUNT;2;Architecture;Taille du système diagnostiqué;Haute;Doit rester cohérent avec l’architecture moteur actuelle.;Architecture projet;17
ConservationDiagnostics.js;MIN_MASS_REFERENCE;1e-12;Garde numérique;Référence minimale de normalisation;Haute (comme garde);Évite les divisions par des références quasi nulles dans les diagnostics.;Diagnostic numérique projet;19
ConservationDiagnostics.js;MIN_ENERGY_REFERENCE;1e-6;Garde numérique;Référence minimale de normalisation;Haute (comme garde);Évite les divisions par des références quasi nulles dans les diagnostics.;Diagnostic numérique projet;20
Engine.js;MAXIMUM_INTERNAL_SUBSTEPS_PER_UPDATE;50000;Garde numérique;Sécurité de boucle solveur;Haute (comme garde);Empêche un appel externe pathologique de créer une boucle interne excessive. Commentaire code : Sécurité contre un appel accidentel avec un intervalle gigantesque. À 7000 tr/min et avec les raffinements actuels, 50 000 sous-pas couvrent bien plus de 0.1 seconde simulée, soit déjà plusieurs tours moteur complets.;Choix numérique projet;49
Engine.js;REMAINING_TIME_EPSILON;1e-12;Garde numérique;Sécurité de boucle solveur;Haute (comme garde);Empêche un appel externe pathologique de créer une boucle interne excessive.;Choix numérique projet;50
CycleRecorder.js;FULL_CYCLE_DEG;720;Instrumentation;Configuration d’acquisition;Haute (comme choix logiciel);Cadence/historique de télémétrie ou d’enregistrement.;Instrumentation projet;34
CycleRecorder.js;FOUR_PI;4 * Math.PI;Instrumentation;Configuration d’acquisition;Haute (comme choix logiciel);Cadence/historique de télémétrie ou d’enregistrement.;Instrumentation projet;35
CycleRecorder.js;RAD_TO_DEG;180 / Math.PI;Instrumentation;Configuration d’acquisition;Haute (comme choix logiciel);Cadence/historique de télémétrie ou d’enregistrement.;Instrumentation projet;36
CycleRecorder.js;DEG_TO_RAD;Math.PI / 180;Instrumentation;Configuration d’acquisition;Haute (comme choix logiciel);Cadence/historique de télémétrie ou d’enregistrement.;Instrumentation projet;37
CycleRecorder.js;DEFAULT_HISTORY_CYCLES;4;Instrumentation;Configuration d’acquisition;Haute (comme choix logiciel);Cadence/historique de télémétrie ou d’enregistrement.;Instrumentation projet;38
CycleRecorder.js;DEFAULT_MAXIMUM_SAMPLES_PER_CYCLE;1000;Garde numérique;Protection de l’enregistrement;Haute (comme garde);"Borne de sûreté/instrumentation ; ne représente pas un paramètre moteur.";Instrumentation projet;39
CycleRecorder.js;DEFAULT_MINIMUM_RECORDING_RPM;100;Garde numérique;Protection de l’enregistrement;Haute (comme garde);"Borne de sûreté/instrumentation ; ne représente pas un paramètre moteur.";Instrumentation projet;40
CycleRecorder.js;DEFAULT_ANGULAR_SAMPLE_STEP_DEG;1;Instrumentation;Configuration d’acquisition;Haute (comme choix logiciel);Cadence/historique de télémétrie ou d’enregistrement.;Instrumentation projet;41
CycleRecorder.js;DEFAULT_CAPTURE_INTERVAL_SECONDS;0.25;Instrumentation;Configuration d’acquisition;Haute (comme choix logiciel);Cadence/historique de télémétrie ou d’enregistrement.;Instrumentation projet;42
CycleRecorder.js;WRAP_DETECTION_THRESHOLD_DEG;360;Instrumentation;Configuration d’acquisition;Haute (comme choix logiciel);Cadence/historique de télémétrie ou d’enregistrement.;Instrumentation projet;43
CycleRecorder.js;NUMERIC_EPSILON;1e-12;Garde numérique;Protection de l’enregistrement;Haute (comme garde);"Borne de sûreté/instrumentation ; ne représente pas un paramètre moteur.";Instrumentation projet;44
TelemetryRecorder.js;DEFAULT_TELEMETRY_RATE_HZ;60;Instrumentation;Configuration d’acquisition;Haute (comme choix logiciel);Cadence/historique de télémétrie ou d’enregistrement.;Instrumentation projet;14
TelemetryRecorder.js;DEFAULT_TELEMETRY_HISTORY_SECONDS;120;Instrumentation;Configuration d’acquisition;Haute (comme choix logiciel);Cadence/historique de télémétrie ou d’enregistrement.;Instrumentation projet;15
TelemetryRecorder.js;AGGREGATION_MODES;"Object.freeze({ AVERAGE: ""average"", LAST: ""last"", MINIMUM: ""minimum"", MAXIMUM: ""maximum"", RMS: ""rms"", INTEGRAL: ""integral"" })";Instrumentation;Configuration d’acquisition;Haute (comme choix logiciel);Cadence/historique de télémétrie ou d’enregistrement.;Instrumentation projet;17
TelemetryRecorder.js;DEFAULT_TELEMETRY_CHANNELS;"Object.freeze([ createChannel(""rpm"", state => state.rpm), createChannel(""crankAngleDeg"", state => radiansToDegrees(state.crankAngle), AGGREGATION_MODES.LAST), createChannel(""thr…";Instrumentation;Configuration d’acquisition;Haute (comme choix logiciel);Cadence/historique de télémétrie ou d’enregistrement.;Instrumentation projet;85
analysis/config.js;HORSEPOWER_WATTS;735.49875;Dérivée / conversion;Définition mathématique ou conversion d’unités;Haute;Constante de conversion, sans calibration physique.;Définition mathématique;4
analysis/config.js;PASCAL_TO_BAR;1e-5;Dérivée / conversion;Définition mathématique ou conversion d’unités;Haute;Constante de conversion, sans calibration physique.;Définition mathématique;5
analysis/config.js;M3_TO_CM3;1e6;Dérivée / conversion;Définition mathématique ou conversion d’unités;Haute;Constante de conversion, sans calibration physique.;Définition mathématique;6
analysis/config.js;FULL_CYCLE_DEG;720;Dérivée / conversion;Définition mathématique ou conversion d’unités;Haute;Constante de conversion, sans calibration physique.;Définition mathématique;7
analysis/config.js;CYLINDER_COUNT;CYLINDER_OFFSETS.length;Dérivée;Calculée depuis la géométrie du moteur;Haute;Valeur calculée automatiquement à partir des paramètres géométriques.;Dérivation code;8
analysis/config.js;SESSION_STORAGE_KEY;"""3sgte.analysisSnapshot.v1""";Infrastructure analyse;Choix d’interface, stockage ou cadence;Haute (comme choix logiciel);Paramètre de l’outil d’analyse, pas une donnée moteur.;Logiciel projet;9
analysis/config.js;SAVED_SESSIONS_KEY;"""3sgte.savedAnalysisSessions.v2""";Infrastructure analyse;Choix d’interface, stockage ou cadence;Haute (comme choix logiciel);Paramètre de l’outil d’analyse, pas une donnée moteur.;Logiciel projet;10
analysis/config.js;MAX_SAVED_SESSIONS;8;Infrastructure analyse;Choix d’interface, stockage ou cadence;Haute (comme choix logiciel);Paramètre de l’outil d’analyse, pas une donnée moteur.;Logiciel projet;11
analysis/config.js;MAX_DYNO_RPM;7000;Infrastructure analyse;Choix d’interface, stockage ou cadence;Haute (comme choix logiciel);Paramètre de l’outil d’analyse, pas une donnée moteur.;Logiciel projet;12
analysis/config.js;TELEMETRY_DISPLAY_SECONDS;30;Infrastructure analyse;Choix d’interface, stockage ou cadence;Haute (comme choix logiciel);Paramètre de l’outil d’analyse, pas une donnée moteur.;Logiciel projet;13
analysis/config.js;MAX_TELEMETRY_POINTS;600;Infrastructure analyse;Choix d’interface, stockage ou cadence;Haute (comme choix logiciel);Paramètre de l’outil d’analyse, pas une donnée moteur.;Logiciel projet;14
analysis/config.js;MINIMUM_LOG_VALUE;1e-12;Infrastructure analyse;Choix d’interface, stockage ou cadence;Haute (comme choix logiciel);Paramètre de l’outil d’analyse, pas une donnée moteur.;Logiciel projet;15
analysis/config.js;PV_MIN_VOLUME_CM3;getCylinderVolume(0) * M3_TO_CM3;Dérivée;Calculée depuis la géométrie du moteur;Haute;Valeur calculée automatiquement à partir des paramètres géométriques.;Dérivation code;16
analysis/config.js;PV_MAX_VOLUME_CM3;getCylinderVolume(Math.PI) * M3_TO_CM3;Dérivée;Calculée depuis la géométrie du moteur;Haute;Valeur calculée automatiquement à partir des paramètres géométriques.;Dérivation code;17
analysis/config.js;DEG_TO_RAD;Math.PI / 180;Dérivée / conversion;Définition mathématique ou conversion d’unités;Haute;Constante de conversion, sans calibration physique.;Définition mathématique;18
analysis/config.js;PHYSICS_CHUNK_SECONDS;0.004;Infrastructure analyse;Choix d’interface, stockage ou cadence;Haute (comme choix logiciel);Paramètre de l’outil d’analyse, pas une donnée moteur.;Logiciel projet;20
analysis/config.js;MAX_PHYSICS_CHUNKS_PER_FRAME;8;Infrastructure analyse;Choix d’interface, stockage ou cadence;Haute (comme choix logiciel);Paramètre de l’outil d’analyse, pas une donnée moteur.;Logiciel projet;21
analysis/config.js;MAX_PHYSICS_BUDGET_MS;8.5;Infrastructure analyse;Choix d’interface, stockage ou cadence;Haute (comme choix logiciel);Paramètre de l’outil d’analyse, pas une donnée moteur.;Logiciel projet;22
analysis/config.js;MAX_ACCUMULATED_TIME;0.05;Infrastructure analyse;Choix d’interface, stockage ou cadence;Haute (comme choix logiciel);Paramètre de l’outil d’analyse, pas une donnée moteur.;Logiciel projet;23
analysis/config.js;CHART_REFRESH_INTERVAL_MS;250;Infrastructure analyse;Choix d’interface, stockage ou cadence;Haute (comme choix logiciel);Paramètre de l’outil d’analyse, pas une donnée moteur.;Logiciel projet;24
analysis/config.js;HEADER_REFRESH_INTERVAL_MS;150;Infrastructure analyse;Choix d’interface, stockage ou cadence;Haute (comme choix logiciel);Paramètre de l’outil d’analyse, pas une donnée moteur.;Logiciel projet;25
analysis/config.js;REFERENCE_PROTOCOL;Object.freeze({ physicsCallStepSeconds: 0.004, browserYieldBudgetMs: 12, maximumStartSeconds: 8, idleStabilizationSeconds: 1.0, throttleRampSeconds: 1.25, maximumSweepSeconds: 3…;Protocole de validation;Choix explicite du protocole de test;Haute (comme protocole);Définit les scénarios et tolérances de vérification, pas la physique du 3S-GTE.;Protocole projet;27
analysis/config.js;MULTI_POINT_PROTOCOL;Object.freeze({ stabilityWindowCycles: 4, capturedCyclesPerPoint: 4, minimumSettlingSeconds: 2.5, slowStabilityWindowSeconds: 1.5, maximumPointSeconds: 16, stabilityCvPercentPas…;Protocole de validation;Choix explicite du protocole de test;Haute (comme protocole);Définit les scénarios et tolérances de vérification, pas la physique du 3S-GTE.;Protocole projet;42
analysis/config.js;TRANSIENT_PROTOCOL;"Object.freeze({ spoolPointId: ""full-3500"", liftOffPointId: ""full-4000"", wastegatePointId: ""full-5500"", revLimiterPointId: ""full-6500"", liftOffSeconds: 2.0, reapplicationSeconds:…";Protocole de validation;Choix explicite du protocole de test;Haute (comme protocole);Définit les scénarios et tolérances de vérification, pas la physique du 3S-GTE.;Protocole projet;129
analysis/config.js;ANALYSIS_CHANNELS;"Object.freeze([ ...DEFAULT_TELEMETRY_CHANNELS, Object.freeze({ key: ""cumulativeAbsoluteMassResidual"", aggregation: ""last"", select: state => state.cumulativeAbsoluteMassResidual …";Instrumentation;Configuration de télémétrie;Haute;Définit ce qui est enregistré/affiché, sans modifier les équations physiques.;Instrumentation projet;189
analysis/config.js;TRANSIENT_TELEMETRY_KEYS;"new Set([ ""rpm"", ""throttle"", ""torque"", ""netCrankshaftTorque"", ""boost"", ""chargeAirPressure"", ""turboRPM"", ""turboAngularAcceleration"", ""wastegatePosition"", ""wastegateMassFlow"", ""ef…";Instrumentation;Configuration de télémétrie;Haute;Définit ce qui est enregistré/affiché, sans modifier les équations physiques.;Instrumentation projet;203
analysis/config.js;TRANSIENT_TELEMETRY_CHANNELS;Object.freeze( ANALYSIS_CHANNELS.filter(channel => TRANSIENT_TELEMETRY_KEYS.has(channel.key) ) );Instrumentation;Configuration de télémétrie;Haute;Définit ce qui est enregistré/affiché, sans modifier les équations physiques.;Instrumentation projet;224
